FileID	FileName	Bracket
6	100159_2115400A1240_1_01.xml	二水和物
31	100159_6241010F1039_1_21.xml	トスフロキサシン
31	100159_6241010F1039_1_21.xml	トスフロキサシン
53	100461_1315701Q1073_1_09.xml	デキサメタゾン
53	100461_1315701Q1073_1_09.xml	デキサメタゾン
53	100461_1315701Q1073_1_09.xml	デキサメタゾン
69	100461_1319751Q1038_3_02.xml	トスフロキサシン
84	100806_7990711X1033_1_01.xml	トロンビン
84	100806_7990711X1033_1_01.xml	トロンビン
84	100806_7990711X1033_1_01.xml	トロンビン
85	100888_2190026F1022_1_06.xml	ボセンタン水和物
93	100898_2190414A1033_1_04.xml	塩酸ファスジル
153	111890_3259518G1059_2_01.xml	Ｌ−リジン
153	111890_3259518G1059_2_01.xml	Ｌ−リジン
154	111890_3259528G1044_2_01.xml	Ｌ−リジン
154	111890_3259528G1044_2_01.xml	乳酸ナトリウム
176	111890_3410524A2040_2_01.xml	ｐＨ調節剤
176	111890_3410524A2040_2_01.xml	ｐＨ調節剤
186	111890_3999019F1026_2_03.xml	リセドロン酸ナトリウム水和物
187	111890_3999019F2022_2_03.xml	リセドロン酸ナトリウム水和物
188	111890_3999100D1037_2_02.xml	Ｌ−アルギニン
190	111890_3999409A2032_2_01.xml	脱水物
195	111890_7290001S1037_2_01.xml	ブドウ糖
195	111890_7290001S1037_2_01.xml	ブドウ糖
224	130107_1319730Q1192_1_05.xml	ケトチフェン
235	130107_2119404A1115_1_05.xml	ドブタミン
245	130107_2145001F2350_1_02.xml	メチルドパ
251	130107_2171022F1215_1_07.xml	アムロジピン
251	130107_2171022F1215_1_07.xml	アムロジピン
252	130107_2171022F1215_2_06.xml	アムロジピン
252	130107_2171022F1215_2_06.xml	アムロジピン
274	130107_2329402D1047_1_05.xml	無水物
287	130107_2459400D1050_1_02.xml	無水物
287	130107_2459400D1050_1_02.xml	無水物
288	130107_2459400D2057_2_03.xml	無水物
291	130107_3122402A2147_1_01.xml	チアミンジスルフィド
292	130107_3122402A5170_1_01.xml	チアミンジスルフィド
297	130107_3131401A3067_1_04.xml	リボフラビン
312	130107_3179504A1094_1_08.xml	ヒドロキソコバラミン
313	130107_3179504A1094_2_05.xml	ヒドロキソコバラミン
314	130107_3179504A1094_3_05.xml	ヒドロキソコバラミン
331	130107_3992400A1085_1_06.xml	無水物
331	130107_3992400A1085_1_06.xml	無水物
351	130107_6241002F1239_1_02.xml	ピペミド酸
362	130202_2171022F1223_1_05.xml	アムロジピン
362	130202_2171022F1223_1_05.xml	アムロジピン
417	130202_6290005F1040_1_07.xml	テルビナフィン
420	130616_2499701R1060_1_06.xml	ブセレリン
430	160032_1149502A1119_1_05.xml	無水物
430	160032_1149502A1119_1_05.xml	無水物
431	160032_3122402A4026_1_06.xml	チアミンジスルフィド
434	160032_3919502A1392_1_01.xml	Ｌ−システイン塩酸塩
434	160032_3919502A1392_1_01.xml	グリチルリチン酸
435	160032_3919502A3026_1_01.xml	Ｌ−システイン塩酸塩
435	160032_3919502A3026_1_01.xml	グリチルリチン酸
445	166272_6250014F1036_2_01.xml	アバカビル
449	166272_6250102F1031_2_01.xml	アバカビル
513	170050_1169101F1146_2_01.xml	無水物
513	170050_1169101F1146_2_01.xml	無水物
529	170050_1329710Q1027_1_05.xml	モメタゾンフランカルボン酸エステル
529	170050_1329710Q1027_1_05.xml	モメタゾンフランカルボン酸エステル
548	170050_2454405H1024_2_01.xml	デキサメタゾンリン酸エステル
548	170050_2454405H1024_2_01.xml	デキサメタゾンリン酸エステル
548	170050_2454405H1024_2_01.xml	デキサメタゾンリン酸エステル
549	170050_2454405H2020_1_02.xml	デキサメタゾン
549	170050_2454405H2020_1_02.xml	デキサメタゾン
549	170050_2454405H2020_1_02.xml	デキサメタゾン
577	170050_6139501D1044_2_01.xml	イミペネム
577	170050_6139501D1044_2_01.xml	イミペネム
577	170050_6139501D1044_2_01.xml	イミペネム
577	170050_6139501D1044_2_01.xml	シラスタチン
577	170050_6139501D1044_2_01.xml	シラスタチン
577	170050_6139501D1044_2_01.xml	シラスタチン
578	170050_6139501E2038_2_01.xml	イミペネム
578	170050_6139501E2038_2_01.xml	シラスタチン
579	170050_6250007M1035_2_02.xml	インジナビル硫酸塩エタノール付加物
585	170050_6313402A2045_2_01.xml	組換えＨＢｓ抗原たん白質　　
601	170329_2171022F1061_1_06.xml	アムロジピン
601	170329_2171022F1061_1_06.xml	アムロジピン
602	170329_2171022F3250_1_02.xml	アムロジピン
602	170329_2171022F3250_1_02.xml	アムロジピン
625	170953_2171022F1070_1_07.xml	アムロジピン
625	170953_2171022F1070_1_07.xml	アムロジピン
632	180024_3999001Q3054_1_08.xml	ラクツロース
649	180069_4490003Q2040_1_02.xml	ケトチフェン
651	180078_1149403A1050_1_04.xml	ブプレノルフィン
651	180078_1149403A1050_1_04.xml	ブプレノルフィン
652	180078_1149703J1020_1_08.xml	ブプレノルフィン
652	180078_1149703J1020_1_08.xml	ブプレノルフィン
702	180079_3179513A1026_2_03.xml	チアミン
702	180079_3179513A1026_2_03.xml	パントテン酸
702	180079_3179513A1026_2_03.xml	ピリドキシン
702	180079_3179513A1026_2_03.xml	リボフラビン
719	180079_3253404A3055_1_02.xml	Ｌ−アルギニン
719	180079_3253404A3055_1_02.xml	Ｌ−アルギニン
719	180079_3253404A3055_1_02.xml	Ｌ−システイン
719	180079_3253404A3055_1_02.xml	Ｌ−システイン
719	180079_3253404A3055_1_02.xml	Ｌ−ヒスチジン
719	180079_3253404A3055_1_02.xml	Ｌ−ヒスチジン
719	180079_3253404A3055_1_02.xml	Ｌ−リジン
719	180079_3253404A3055_1_02.xml	Ｌ−リジン
720	180079_3253406A4034_1_02.xml	Ｌ−リジン
720	180079_3253406A4034_1_02.xml	Ｌ−リジン
720	180079_3253406A4034_1_02.xml	Ｌ−リジン
721	180079_3253414A1030_1_02.xml	Ｌ−リジン
721	180079_3253414A1030_1_02.xml	Ｌ−リジン
722	180079_3259510A3036_1_02.xml	Ｌ−トリプトファン
722	180079_3259510A3036_1_02.xml	Ｌ−トリプトファン
722	180079_3259510A3036_1_02.xml	Ｌ−リジン
722	180079_3259510A3036_1_02.xml	Ｌ−リジン
723	180079_3259516G1033_1_03.xml	Ｌ−リジン
723	180079_3259516G1033_1_03.xml	Ｌ−リジン
723	180079_3259516G1033_1_03.xml	Ｌ−リジン
723	180079_3259516G1033_1_03.xml	Ｌ−リジン
724	180079_3259518G1040_1_02.xml	Ｌ−リジン
724	180079_3259518G1040_1_02.xml	Ｌ−リジン
725	180079_3259521G1034_1_02.xml	Ｌ−システイン
725	180079_3259521G1034_1_02.xml	Ｌ−システイン
725	180079_3259521G1034_1_02.xml	Ｌ−リジン
725	180079_3259521G1034_1_02.xml	Ｌ−リジン
726	180079_3259526G1037_1_04.xml	Ｌ−システイン
726	180079_3259526G1037_1_04.xml	Ｌ−システイン
726	180079_3259526G1037_1_04.xml	Ｌ−システイン
726	180079_3259526G1037_1_04.xml	Ｌ−システイン
726	180079_3259526G1037_1_04.xml	Ｌ−システイン
726	180079_3259526G1037_1_04.xml	Ｌ−システイン
726	180079_3259526G1037_1_04.xml	Ｌ−リジン
726	180079_3259526G1037_1_04.xml	Ｌ−リジン
726	180079_3259526G1037_1_04.xml	Ｌ−リジン
726	180079_3259526G1037_1_04.xml	Ｌ−リジン
726	180079_3259526G1037_1_04.xml	Ｌ−リジン
726	180079_3259526G1037_1_04.xml	Ｌ−リジン
726	180079_3259526G1037_1_04.xml	チアミン
726	180079_3259526G1037_1_04.xml	チアミン
726	180079_3259526G1037_1_04.xml	チアミン
726	180079_3259526G1037_1_04.xml	チアミン
726	180079_3259526G1037_1_04.xml	チアミン
726	180079_3259526G1037_1_04.xml	チアミン
726	180079_3259526G1037_1_04.xml	パントテン酸
726	180079_3259526G1037_1_04.xml	パントテン酸
726	180079_3259526G1037_1_04.xml	パントテン酸
726	180079_3259526G1037_1_04.xml	パントテン酸
726	180079_3259526G1037_1_04.xml	パントテン酸
726	180079_3259526G1037_1_04.xml	パントテン酸
726	180079_3259526G1037_1_04.xml	ピリドキシン
726	180079_3259526G1037_1_04.xml	ピリドキシン
726	180079_3259526G1037_1_04.xml	ピリドキシン
726	180079_3259526G1037_1_04.xml	ピリドキシン
726	180079_3259526G1037_1_04.xml	ピリドキシン
726	180079_3259526G1037_1_04.xml	ピリドキシン
726	180079_3259526G1037_1_04.xml	リボフラビン
726	180079_3259526G1037_1_04.xml	リボフラビン
726	180079_3259526G1037_1_04.xml	リボフラビン
726	180079_3259526G1037_1_04.xml	リボフラビン
726	180079_3259526G1037_1_04.xml	リボフラビン
726	180079_3259526G1037_1_04.xml	リボフラビン
727	180079_3259529G1030_1_02.xml	Ｌ−システイン
727	180079_3259529G1030_1_02.xml	Ｌ−システイン
727	180079_3259529G1030_1_02.xml	Ｌ−リジン
727	180079_3259529G1030_1_02.xml	Ｌ−リジン
727	180079_3259529G1030_1_02.xml	チアミン
727	180079_3259529G1030_1_02.xml	チアミン
727	180079_3259529G1030_1_02.xml	チアミン
727	180079_3259529G1030_1_02.xml	チアミン
728	180079_3259530G1025_1_01.xml	Ｌ−システイン
728	180079_3259530G1025_1_01.xml	Ｌ−システイン
728	180079_3259530G1025_1_01.xml	Ｌ−システイン
728	180079_3259530G1025_1_01.xml	Ｌ−システイン
728	180079_3259530G1025_1_01.xml	Ｌ−システイン
728	180079_3259530G1025_1_01.xml	Ｌ−システイン
728	180079_3259530G1025_1_01.xml	Ｌ−リジン
728	180079_3259530G1025_1_01.xml	Ｌ−リジン
728	180079_3259530G1025_1_01.xml	Ｌ−リジン
728	180079_3259530G1025_1_01.xml	Ｌ−リジン
728	180079_3259530G1025_1_01.xml	Ｌ−リジン
728	180079_3259530G1025_1_01.xml	Ｌ−リジン
728	180079_3259530G1025_1_01.xml	チアミン
728	180079_3259530G1025_1_01.xml	チアミン
728	180079_3259530G1025_1_01.xml	チアミン
728	180079_3259530G1025_1_01.xml	チアミン
728	180079_3259530G1025_1_01.xml	チアミン
728	180079_3259530G1025_1_01.xml	チアミン
728	180079_3259530G1025_1_01.xml	パントテン酸
728	180079_3259530G1025_1_01.xml	パントテン酸
728	180079_3259530G1025_1_01.xml	パントテン酸
728	180079_3259530G1025_1_01.xml	パントテン酸
728	180079_3259530G1025_1_01.xml	パントテン酸
728	180079_3259530G1025_1_01.xml	パントテン酸
728	180079_3259530G1025_1_01.xml	ピリドキシン
728	180079_3259530G1025_1_01.xml	ピリドキシン
728	180079_3259530G1025_1_01.xml	ピリドキシン
728	180079_3259530G1025_1_01.xml	ピリドキシン
728	180079_3259530G1025_1_01.xml	ピリドキシン
728	180079_3259530G1025_1_01.xml	ピリドキシン
728	180079_3259530G1025_1_01.xml	リボフラビン
728	180079_3259530G1025_1_01.xml	リボフラビン
728	180079_3259530G1025_1_01.xml	リボフラビン
728	180079_3259530G1025_1_01.xml	リボフラビン
728	180079_3259530G1025_1_01.xml	リボフラビン
728	180079_3259530G1025_1_01.xml	リボフラビン
786	180095_1149019F1544_1_03.xml	無水物
787	180095_1149019F1544_2_03.xml	無水物
802	180095_2144006F1049_1_07.xml	無水物
802	180095_2144006F1049_1_07.xml	無水物
813	180095_2171022F1231_1_07.xml	アムロジピン
813	180095_2171022F1231_1_07.xml	アムロジピン
852	180095_3929407D1080_1_03.xml	レボホリナート
853	180095_3929407D2043_1_03.xml	レボホリナート
869	180095_4490003M1328_1_01.xml	ケトチフェン
869	180095_4490003M1328_1_01.xml	ケトチフェン
880	180102_2314002F2022_2_02.xml	無水物
1001	200011_6322400X2030_1_08.xml	ホルムアルデヒド
1002	200011_6322400X2030_2_09.xml	ホルムアルデヒド
1049	200022_1315701Q3084_1_01.xml	デキサメタゾン
1156	201315_2710803U1044_1_01.xml	塩酸リドカイン
1156	201315_2710803U1044_1_01.xml	塩酸リドカイン
1165	201315_3929006S1030_1_02.xml	アセチルシステインナトリウム塩
1167	201315_4419008R1101_1_01.xml	クレマスチン
1190	230064_2171022F1274_1_06.xml	アムロジピン
1190	230064_2171022F1274_1_06.xml	アムロジピン
1191	230064_2171022F3242_1_03.xml	アムロジピン
1191	230064_2171022F3242_1_03.xml	アムロジピン
1238	230109_1224401X2049_1_02.xml	脱水物
1244	230109_2115400A1231_1_03.xml	二水和物
1247	230109_2160006F1026_2_08.xml	リザトリプタン
1247	230109_2160006F1026_2_08.xml	リザトリプタン
1257	230109_2456700X1025_3_03.xml	プレドニゾロンリン酸エステル
1259	230109_2659711N1033_1_04.xml	アモロルフィン
1260	230109_2659711N1033_2_05.xml	アモロルフィン
1288	230124_1169100F1052_1_01.xml	ベンセラジド
1305	230124_3399405A1027_4_04.xml	フィルグラスチム
1305	230124_3399405A1027_4_04.xml	フィルグラスチム
1305	230124_3399405A1027_4_04.xml	フィルグラスチム
1305	230124_3399405A1027_4_04.xml	フィルグラスチム
1305	230124_3399405A1027_4_04.xml	フィルグラスチム
1305	230124_3399405A1027_4_04.xml	フィルグラスチム
1307	230124_3999023F1022_2_03.xml	シナカルセト
1307	230124_3999023F1022_2_03.xml	シナカルセト
1320	230124_4240407A1028_1_15.xml	ビノレルビン
1320	230124_4240407A1028_1_15.xml	ビノレルビン
1346	230127_1149019F1277_1_15.xml	無水物
1350	230127_1169005F1146_1_10.xml	ブロモクリプチン
1352	230127_1169008F1050_1_09.xml	ペルゴリド
1352	230127_1169008F1050_1_09.xml	ペルゴリド
1355	230127_1169101F1065_1_11.xml	無水物
1357	230127_1172014C1063_1_07.xml	レボメプロマジン
1357	230127_1172014C1063_1_07.xml	レボメプロマジン
1357	230127_1172014C1063_1_07.xml	レボメプロマジン
1367	230127_1179032C1038_1_10.xml	スルトプリド
1367	230127_1179032C1038_1_10.xml	スルトプリド
1367	230127_1179032C1038_1_10.xml	スルトプリド
1367	230127_1179032C1038_1_10.xml	スルトプリド
1373	230127_1190004F1080_1_10.xml	チアプリド
1373	230127_1190004F1080_1_10.xml	チアプリド
1376	230127_1249010F1182_1_10.xml	チザニジン
1385	230127_2171022F1207_1_07.xml	アムロジピン
1385	230127_2171022F1207_1_07.xml	アムロジピン
1385	230127_2171022F1207_1_07.xml	アムロジピン
1385	230127_2171022F1207_1_07.xml	アムロジピン
1396	230127_2254001F1056_1_04.xml	サルブタモール
1397	230127_2254001R2024_1_04.xml	サルブタモール
1426	230127_3222013F1050_1_07.xml	鉄
1559	260024_7149006X1060_1_02.xml	メントール
1566	260054_3919502A1309_1_08.xml	Ｌ−システイン塩酸塩
1566	260054_3919502A1309_1_08.xml	グリチルリチン酸
1580	260106_7219419A1020_2_04.xml	ヨード
1580	260106_7219419A1020_2_04.xml	ヨード
1580	260106_7219419A1020_2_04.xml	ヨード
1580	260106_7219419A1020_2_04.xml	ヨード
1580	260106_7219419A1020_2_04.xml	ヨード
1580	260106_7219419A1020_2_04.xml	ヨード
1583	270029_1149019F1374_1_06.xml	無水物
1621	270072_2413400D3100_1_04.xml	卵胞刺激ホルモン
1621	270072_2413400D3100_1_04.xml	卵胞刺激ホルモン
1622	270072_2413400D5030_1_04.xml	卵胞刺激ホルモン
1786	270139_1149019F1501_1_02.xml	無水物
1787	270139_1169005F1235_1_01.xml	ブロモクリプチン
1832	270139_4291003F1198_1_02.xml	タモキシフェン
1849	270161_1149019F1463_1_04.xml	無水物
1855	270161_1169101F1138_1_01.xml	無水カルビドパ
1875	270161_2119404A1166_1_02.xml	ドブタミン
1876	270161_2119404A1166_2_02.xml	ドブタミン
1886	270161_2149026F1069_1_02.xml	ドキサゾシン
1886	270161_2149026F1069_1_02.xml	ドキサゾシン
1886	270161_2149026F1069_1_02.xml	ドキサゾシン
1886	270161_2149026F1069_1_02.xml	ドキサゾシン
1887	270161_2149026F1069_2_03.xml	ドキサゾシン
1887	270161_2149026F1069_2_03.xml	ドキサゾシン
1887	270161_2149026F1069_2_03.xml	ドキサゾシン
1887	270161_2149026F1069_2_03.xml	ドキサゾシン
1893	270161_2171022F1100_1_06.xml	アムロジピン
1893	270161_2171022F1100_1_06.xml	アムロジピン
1894	270161_2171022F3269_1_02.xml	アムロジピン
1894	270161_2171022F3269_1_02.xml	アムロジピン
1907	270161_2325002F1070_1_09.xml	ラニチジン
1907	270161_2325002F1070_1_09.xml	ラニチジン
1908	270161_2325002F1070_2_09.xml	ラニチジン
1908	270161_2325002F1070_2_09.xml	ラニチジン
1920	270161_2454401A2024_1_10.xml	デキサメタゾン
1920	270161_2454401A2024_1_10.xml	デキサメタゾン
1921	270161_2454401A2024_2_09.xml	デキサメタゾン
1921	270161_2454401A2024_2_09.xml	デキサメタゾン
1942	270161_3179504A1086_1_10.xml	ヒドロキソコバラミン
1943	270161_3222013F1130_1_02.xml	鉄
1944	270161_3222013F1130_2_02.xml	鉄
2007	270161_6290005F1091_1_07.xml	テルビナフィン
2008	270161_6290005F1091_2_07.xml	テルビナフィン
2017	270173_2119404A1140_1_03.xml	ドブタミン
2018	270173_2119404A1140_2_02.xml	ドブタミン
2022	270173_2391400A3075_1_04.xml	グラニセトロン
2022	270173_2391400A3075_1_04.xml	グラニセトロン
2023	270173_2391400A3075_2_02.xml	グラニセトロン
2023	270173_2391400A3075_2_02.xml	グラニセトロン
2024	270173_2391400G1091_1_03.xml	グラニセトロン
2036	270173_3172400A1062_1_02.xml	リボフラビン
2037	270173_3172400A1062_2_02.xml	リボフラビン
2038	270173_3179504A1035_1_09.xml	ヒドロキソコバラミン
2078	270173_7290413A1029_3_01.xml	鉄
2080	270178_2325002F1062_1_03.xml	ラニチジン
2080	270178_2325002F1062_1_03.xml	ラニチジン
2087	270428_1149019F1170_1_12.xml	無水物
2088	270428_1169005F1227_1_01.xml	ブロモクリプチン
2089	270428_1169005F1227_2_01.xml	ブロモクリプチン
2101	270428_2171022F1290_1_06.xml	アムロジピン
2101	270428_2171022F1290_1_06.xml	アムロジピン
2102	270428_2171022F3188_1_03.xml	アムロジピン
2102	270428_2171022F3188_1_03.xml	アムロジピン
2112	270428_2329403D1076_1_01.xml	オメプラゾール
2113	270428_2349101D1075_1_07.xml	酸化アルミニウム
2116	270428_2391401A1050_1_04.xml	オンダンセトロン
2133	270428_4224403D1049_1_03.xml	ゲムシタビン
2133	270428_4224403D1049_1_03.xml	ゲムシタビン
2140	270428_4419008R1098_1_01.xml	クレマスチン
2141	270428_4490003M1182_1_06.xml	ケトチフェン
2142	270428_4490003R1147_1_07.xml	ケトチフェン
2149	270428_6139501D2091_1_02.xml	シラスタチン
2161	270428_6241010F1098_1_04.xml	トスフロキサシン
2161	270428_6241010F1098_1_04.xml	トスフロキサシン
2169	270428_6290005F1130_1_07.xml	テルビナフィン
2205	290290_2171022F3285_1_01.xml	アムロジピン
2205	290290_2171022F3285_1_01.xml	アムロジピン
2206	290290_2171022Q1062_1_01.xml	アムロジピン
2206	290290_2171022Q1062_1_01.xml	アムロジピン
2283	300094_3229002G1074_1_02.xml	カリウム
2301	300119_1169005F1170_1_06.xml	ブロモクリプチン
2316	300119_1319730Q1281_1_02.xml	ケトチフェン
2317	300119_1319730Q1281_2_03.xml	ケトチフェン
2323	300119_1319746Q1045_1_03.xml	レボカバスチン
2324	300119_1329705Q1255_1_02.xml	ケトチフェン
2330	300119_2129005F1137_1_07.xml	ジソピラミド
2331	300119_2129005F1137_2_08.xml	ジソピラミド
2337	300119_2144006F1065_1_01.xml	無水物
2337	300119_2144006F1065_1_01.xml	無水物
2337	300119_2144006F1065_1_01.xml	無水物
2344	300119_2149026F2057_1_07.xml	ドキサゾシン
2344	300119_2149026F2057_1_07.xml	ドキサゾシン
2359	300119_2171022F1282_1_06.xml	アムロジピン
2359	300119_2171022F1282_1_06.xml	アムロジピン
2360	300119_2171022F3170_1_03.xml	アムロジピン
2360	300119_2171022F3170_1_03.xml	アムロジピン
2373	300119_2189012F1038_1_02.xml	フルバスタチン
2373	300119_2189012F1038_1_02.xml	フルバスタチン
2373	300119_2189012F1038_1_02.xml	フルバスタチン
2392	300119_2325002F1119_1_08.xml	ラニチジン
2392	300119_2325002F1119_1_08.xml	ラニチジン
2416	300119_2349101D1229_1_01.xml	酸化アルミニウム
2417	300119_2354003F2243_1_04.xml	センノシドＡ・Ｂのカルシウム塩
2419	300119_2391400A3067_1_03.xml	グラニセトロン
2419	300119_2391400A3067_1_03.xml	グラニセトロン
2421	300119_2391400G2020_2_01.xml	グラニセトロン
2421	300119_2391400G2020_2_01.xml	グラニセトロン
2446	300119_3179107F1050_1_01.xml	ヒドロキソコバラミン
2446	300119_3179107F1050_1_01.xml	フルスルチアミン
2447	300119_3222013F1084_1_07.xml	鉄
2488	300119_4291003F1171_1_07.xml	タモキシフェン
2493	300119_4490003M1239_1_03.xml	ケトチフェン
2494	300119_4490003R1198_1_03.xml	ケトチフェン
2538	300119_6241008F1074_1_02.xml	シプロフロキサシン
2538	300119_6241008F1074_1_02.xml	シプロフロキサシン
2539	300119_6241008F2038_2_10.xml	シプロフロキサシン
2540	300119_6241010F1080_1_04.xml	トスフロキサシン
2540	300119_6241010F1080_1_04.xml	トスフロキサシン
2554	300119_6290005F1210_1_07.xml	テルビナフィン
2555	300119_6290005F1210_2_07.xml	テルビナフィン
2559	300166_2119404A1174_1_02.xml	ドブタミン
2570	300174_2710813U1030_3_01.xml	バソプレシン昇圧活性
2570	300174_2710813U1030_3_01.xml	バソプレシン昇圧活性
2575	300185_1149019F1510_1_01.xml	無水物
2596	300185_2612701Q3350_1_01.xml	有効ヨウ素
2608	300199_2329122D1384_1_01.xml	無水物
2613	300220_1149019F1480_1_04.xml	無水物
2624	300220_2149026F2162_1_05.xml	ドキサゾシン
2624	300220_2149026F2162_1_05.xml	ドキサゾシン
2628	300220_2233700G2034_1_01.xml	アセチルシステインナトリウム塩
2634	300220_2354003D2048_1_07.xml	センノシドＡ・Ｂカルシウム塩
2638	300220_2649724M1039_1_01.xml	ビタミンＡ
2639	300220_2649805M1026_1_03.xml	ビタミンＡ
2640	300220_3111002A1039_1_02.xml	ビタミンＡ
2641	300220_3111002F1036_1_02.xml	ビタミンＡ
2642	300220_3111003S1039_1_03.xml	ビタミンＡ
2647	300220_3222013D1059_1_02.xml	鉄
2647	300220_3222013D1059_1_02.xml	鉄
2652	300220_4490003F1027_1_08.xml	ケトチフェン
2665	300237_1315701Q1081_1_03.xml	デキサメタゾン
2666	300237_1315701Q3033_1_04.xml	デキサメタゾン
2669	300237_1315706Q2072_1_04.xml	ベタメタゾン
2700	300242_1169005F1200_1_02.xml	ブロモクリプチン
2707	300242_1249010D1025_2_04.xml	チザニジン
2707	300242_1249010D1025_2_04.xml	チザニジン
2711	300242_1319730Q1249_1_02.xml	ケトチフェン
2712	300242_1319730Q2024_2_03.xml	ケトチフェン
2714	300242_1329705Q1298_1_01.xml	ケトチフェン
2721	300242_2149033F1026_2_05.xml	ボピンドロール
2721	300242_2149033F1026_2_05.xml	ボピンドロール
2723	300242_2149047F1028_1_05.xml	アリスキレン
2725	300242_2149114F1021_1_04.xml	アムロジピン
2728	300242_2189012F1020_3_07.xml	フルバスタチン
2728	300242_2189012F1020_3_07.xml	フルバスタチン
2728	300242_2189012F1020_3_07.xml	フルバスタチン
2732	300242_2391003M1029_2_06.xml	トロピセトロン
2733	300242_2499403A1037_1_02.xml	オクトレオチド
2733	300242_2499403A1037_1_02.xml	オクトレオチド
2734	300242_2499403E1020_2_04.xml	オクトレオチド
2734	300242_2499403E1020_2_04.xml	オクトレオチド
2734	300242_2499403E1020_2_04.xml	オクトレオチド
2742	300242_3222003G1035_1_01.xml	鉄
2743	300242_3229002G1066_1_02.xml	カリウム
2753	300242_3999423A1036_1_03.xml	ゾレドロン酸
2754	300242_4291011F1028_1_13.xml	イマチニブ
2757	300242_4291021M1020_1_06.xml	ニロチニブ
2757	300242_4291021M1020_1_06.xml	ニロチニブ
2759	300242_4490003M1263_1_02.xml	ケトチフェン
2760	300242_4490003Q1125_1_02.xml	ケトチフェン
2761	300242_4490003R1228_1_02.xml	ケトチフェン
2762	300242_6290005F1024_2_08.xml	テルビナフィン
2782	300297_1149019F1200_1_24.xml	無水物
2787	300297_1319746Q1061_1_06.xml	レボカバスチン
2987	340013_3229002G1058_1_02.xml	カリウム
3008	340018_1149013F1091_1_10.xml	ジメトチアジン
3010	340018_1171001F1022_1_18.xml	クロルプロマジン塩酸塩
3012	340018_1172010F1037_3_06.xml	プロクロルペラジン
3013	340018_1172014B2056_1_11.xml	レボメプロマジン
3013	340018_1172014B2056_1_11.xml	レボメプロマジン
3013	340018_1172014B2056_1_11.xml	レボメプロマジン
3013	340018_1172014B2056_1_11.xml	レボメプロマジン
3013	340018_1172014B2056_1_11.xml	レボメプロマジン
3014	340018_1172403A1059_1_05.xml	レボメプロマジン
3015	340018_1172404A1037_1_04.xml	プロクロルペラジン
3016	340018_1174005B1020_1_11.xml	トリミプラミン
3016	340018_1174005B1020_1_11.xml	トリミプラミン
3016	340018_1174005B1020_1_11.xml	トリミプラミン
3018	340018_1179052M1022_1_03.xml	デュロキセチン
3018	340018_1179052M1022_1_03.xml	デュロキセチン
3019	340018_1179052M1022_2_03.xml	デュロキセチン
3019	340018_1179052M1022_2_03.xml	デュロキセチン
3030	340018_2119404A1026_3_04.xml	ドブタミン
3031	340018_2119404G3056_1_02.xml	ドブタミン
3031	340018_2119404G3056_1_02.xml	ドブタミン
3033	340018_2144006F1030_1_13.xml	無水物
3033	340018_2144006F1030_1_13.xml	無水物
3033	340018_2144006F1030_1_13.xml	無水物
3041	340018_2454404A1064_1_06.xml	ベタメタゾン
3041	340018_2454404A1064_1_06.xml	ベタメタゾン
3042	340018_2454404A3067_1_02.xml	ベタメタゾン
3043	340018_2454404A4039_1_06.xml	ベタメタゾン
3043	340018_2454404A4039_1_06.xml	ベタメタゾン
3044	340018_2454408C1020_1_11.xml	ベタメタゾン酢酸エステル
3047	340018_2456405D1027_1_12.xml	プレドニゾロンコハク酸エステル
3047	340018_2456405D1027_1_12.xml	プレドニゾロンコハク酸エステル
3047	340018_2456405D1027_1_12.xml	プレドニゾロンコハク酸エステル
3065	340018_4211002F1044_1_04.xml	無水物
3066	340018_4211401D1033_1_11.xml	無水物
3066	340018_4211401D1033_1_11.xml	無水物
3070	340018_4413002C1035_1_02.xml	プロメタジン塩酸塩
3086	340018_6241009M1035_1_11.xml	ロメフロキサシン
3087	340018_6250405A1024_1_04.xml	ペラミビル
3087	340018_6250405A1024_1_04.xml	ペラミビル
3099	340018_8119002B1027_1_07.xml	無水物
3100	340018_8119002B2023_1_01.xml	無水物
3100	340018_8119002B2023_1_01.xml	無水物
3100	340018_8119002B2023_1_01.xml	無水物
3101	340018_8119002G1024_1_11.xml	無水物
3101	340018_8119002G1024_1_11.xml	無水物
3101	340018_8119002G1024_1_11.xml	無水物
3101	340018_8119002G1024_1_11.xml	無水物
3162	340216_1179406A1029_2_07.xml	ハロペリドール
3162	340216_1179406A1029_2_07.xml	ハロペリドール
3163	340216_2612701Q1129_1_01.xml	有効ヨウ素
3164	340216_2612701Q3253_2_02.xml	有効ヨウ素
3187	340269_2260701F1239_1_01.xml	有効ヨウ素
3189	340269_2354003D2056_1_01.xml	センノシドＡ・Ｂカルシウム塩
3190	340269_2354003F2308_1_02.xml	センノシドＡ・Ｂカルシウム塩
3202	340269_2612701Q3326_1_01.xml	有効ヨウ素
3209	340269_6241008F1082_1_03.xml	シプロフロキサシン
3209	340269_6241008F1082_1_03.xml	シプロフロキサシン
3210	340269_6290005F1202_1_08.xml	テルビナフィン
3212	340278_1169013F1027_1_08.xml	ロピニロール
3212	340278_1169013F1027_1_08.xml	ロピニロール
3212	340278_1169013F1027_1_08.xml	ロピニロール
3213	340278_1179041F1025_2_25.xml	パロキセチン
3213	340278_1179041F1025_2_25.xml	パロキセチン
3213	340278_1179041F1025_2_25.xml	パロキセチン
3221	340278_2160003F1022_1_06.xml	スマトリプタン
3222	340278_2160007F1020_1_03.xml	ナラトリプタン
3223	340278_2160402G1026_1_04.xml	スマトリプタン
3226	340278_2190413F1028_W_11.xml	エポプロステノール
3226	340278_2190413F1028_W_11.xml	エポプロステノール
3228	340278_2254001F1099_1_01.xml	サルブタモール
3229	340278_2254001Q1073_1_01.xml	サルブタモール
3230	340278_2254700G2034_1_02.xml	サルブタモール
3231	340278_2254700G4037_1_02.xml	サルブタモール
3231	340278_2254700G4037_1_02.xml	サルブタモール
3232	340278_2259708G1022_1_11.xml	サルメテロール
3232	340278_2259708G1022_1_11.xml	サルメテロール
3232	340278_2259708G1022_1_11.xml	サルメテロール
3236	340278_2290800G1032_1_02.xml	サルメテロール
3236	340278_2290800G1032_1_02.xml	サルメテロール
3236	340278_2290800G1032_1_02.xml	サルメテロール
3236	340278_2290800G1032_1_02.xml	サルメテロール
3236	340278_2290800G1032_1_02.xml	サルメテロール
3236	340278_2290800G1032_1_02.xml	サルメテロール
3236	340278_2290800G1032_1_02.xml	サルメテロール
3236	340278_2290800G1032_1_02.xml	サルメテロール
3236	340278_2290800G1032_1_02.xml	サルメテロール
3236	340278_2290800G1032_1_02.xml	サルメテロール
3236	340278_2290800G1032_1_02.xml	サルメテロール
3236	340278_2290800G1032_1_02.xml	サルメテロール
3236	340278_2290800G1032_1_02.xml	夾雑物
3236	340278_2290800G1032_1_02.xml	夾雑物
3236	340278_2290800G1032_1_02.xml	夾雑物
3236	340278_2290800G1032_1_02.xml	夾雑物
3236	340278_2290800G1032_1_02.xml	夾雑物
3236	340278_2290800G1032_1_02.xml	夾雑物
3237	340278_2325002F1194_1_06.xml	ラニチジン
3237	340278_2325002F1194_1_06.xml	ラニチジン
3238	340278_2325402A1033_1_04.xml	ラニチジン
3238	340278_2325402A1033_1_04.xml	ラニチジン
3239	340278_2391001F1020_1_09.xml	オンダンセトロン
3239	340278_2391001F1020_1_09.xml	オンダンセトロン
3240	340278_2391001Q1030_1_02.xml	オンダンセトロン
3242	340278_2391401A1026_1_09.xml	オンダンセトロン
3242	340278_2391401A1026_1_09.xml	オンダンセトロン
3253	340278_3999028F1025_1_01.xml	エルトロンボパグ
3253	340278_3999028F1025_1_01.xml	エルトロンボパグ
3257	340278_4291022F1026_1_03.xml	ラパチニブ
3268	340278_6250019D1020_1_13.xml	バラシクロビル
3269	340278_6250019F1020_1_11.xml	バラシクロビル
3271	340278_6250026F1020_1_08.xml	アデホビル
3304	340409_2171022F1363_1_07.xml	アムロジピン
3304	340409_2171022F1363_1_07.xml	アムロジピン
3305	340409_2171022F3226_1_03.xml	アムロジピン
3305	340409_2171022F3226_1_03.xml	アムロジピン
3308	340409_2189012F1046_1_02.xml	フルバスタチン
3308	340409_2189012F1046_1_02.xml	フルバスタチン
3308	340409_2189012F1046_1_02.xml	フルバスタチン
3320	340409_2329005C2022_1_03.xml	無水物
3331	340409_2391400A3040_1_04.xml	グラニセトロン
3331	340409_2391400A3040_1_04.xml	グラニセトロン
3331	340409_2391400A3040_1_04.xml	グラニセトロン
3350	340409_3179105F1034_1_01.xml	ヒドロキソコバラミン
3351	340409_3179504A1132_1_06.xml	ヒドロキソコバラミン
3372	340409_3999018F1056_1_05.xml	アレンドロン酸
3376	340409_4219003M1070_1_02.xml	エストラムスチンリン酸エステル
3400	340409_6139501D1052_1_03.xml	シラスタチン
3400	340409_6139501D1052_1_03.xml	シラスタチン
3412	340409_7290405A7049_2_02.xml	ガドペンテト酸ジメグルミン
3412	340409_7290405A7049_2_02.xml	ガドペンテト酸ジメグルミン
3412	340409_7290405A7049_2_02.xml	ガドペンテト酸ジメグルミン
3412	340409_7290405A7049_2_02.xml	ガドペンテト酸ジメグルミン
3416	340460_2129005F1188_1_02.xml	ジソピラミド
3420	340460_2325002F1100_1_06.xml	ラニチジン
3472	380086_1315701Q1090_1_01.xml	デキサメタゾン
3473	380086_1315701Q2061_1_01.xml	デキサメタゾン
3474	380086_1315701Q4048_1_01.xml	デキサメタゾン
3492	380086_1319734Q1042_1_03.xml	ロメフロキサシン
3493	380086_1319734Q2030_1_03.xml	ロメフロキサシン
3496	380086_1319749Q1030_1_03.xml	ガチフロキサシン
3497	380086_1319755Q1028_1_03.xml	タクロリムス
3503	380086_1329709Q1032_1_03.xml	ロメフロキサシン
3504	380086_3929006S1022_1_08.xml	アセチルシステインナトリウム塩
3510	380087_1179032F1042_1_01.xml	スルトプリド
3510	380087_1179032F1042_1_01.xml	スルトプリド
3510	380087_1179032F1042_1_01.xml	スルトプリド
3526	380087_2171022F3129_1_04.xml	アムロジピン
3526	380087_2171022F3129_1_04.xml	アムロジピン
3558	380809_4291024M1024_1_03.xml	レナリドミド水和物
3599	400032_2171700S1109_2_02.xml	硝酸イソソルビド
3615	400042_2171022F1304_1_05.xml	アムロジピン
3615	400042_2171022F1304_1_05.xml	アムロジピン
3616	400042_2171022F3153_1_03.xml	アムロジピン
3616	400042_2171022F3153_1_03.xml	アムロジピン
3617	400042_2189012F1062_1_01.xml	フルバスタチン
3617	400042_2189012F1062_1_01.xml	フルバスタチン
3617	400042_2189012F1062_1_01.xml	フルバスタチン
3623	400042_2391400A3032_1_03.xml	グラニセトロン
3623	400042_2391400A3032_1_03.xml	グラニセトロン
3623	400042_2391400A3032_1_03.xml	グラニセトロン
3631	400042_3999018F1048_1_05.xml	アレンドロン酸
3643	400042_7290405A7030_1_03.xml	ガドペンテト酸ジメグルミン
3643	400042_7290405A7030_1_03.xml	ガドペンテト酸ジメグルミン
3643	400042_7290405A7030_1_03.xml	ガドペンテト酸ジメグルミン
3643	400042_7290405A7030_1_03.xml	ガドペンテト酸ジメグルミン
3717	400061_1149019F1382_1_06.xml	無水物
3731	400061_1249010F1107_1_21.xml	チザニジン
3734	400061_1319730Q1273_1_02.xml	ケトチフェン
3736	400061_1329705Q1247_1_03.xml	ケトチフェン
3746	400061_2129005F1145_1_08.xml	ジソピラミド
3756	400061_2171022F1193_1_04.xml	アムロジピン
3756	400061_2171022F1193_1_04.xml	アムロジピン
3757	400061_2171022F3137_1_03.xml	アムロジピン
3757	400061_2171022F3137_1_03.xml	アムロジピン
3758	400061_2171022Q1046_1_04.xml	アムロジピン
3758	400061_2171022Q1046_1_04.xml	アムロジピン
3796	400061_2329005F1235_1_04.xml	ピレンゼピン塩酸塩無水物
3807	400061_2329403D1033_1_01.xml	オメプラゾールナトリウム
3808	400061_2349100X1190_1_02.xml	酸化アルミニウム
3809	400061_2349101D1180_1_02.xml	酸化アルミニウム
3810	400061_2354003F2278_1_04.xml	センノシドＡ・Ｂカルシウム塩
3811	400061_2354003F2278_2_02.xml	センノシドＡ・Ｂカルシウム塩
3812	400061_2354003S1032_1_02.xml	センノシドＡ・Ｂカルシウム塩
3813	400061_2354003S1032_2_01.xml	センノシドＡ・Ｂカルシウム塩
3836	400061_2691700M1061_1_04.xml	無水物
3836	400061_2691700M1061_1_04.xml	無水物
3844	400061_3222013F1122_1_06.xml	鉄
3864	400061_4219003M1062_2_02.xml	エストラムスチンリン酸エステル
3868	400061_4490003M1301_1_03.xml	ケトチフェン
3868	400061_4490003M1301_1_03.xml	ケトチフェン
3869	400061_4490003Q1141_1_03.xml	ケトチフェン
3888	400061_6241010F1063_1_04.xml	トスフロキサシン
3888	400061_6241010F1063_1_04.xml	トスフロキサシン
3893	400061_6290005F1180_1_13.xml	テルビナフィン
3894	400061_6290005F1180_2_10.xml	テルビナフィン
3923	400073_1169005F1243_1_01.xml	ブロモクリプチン
3925	400073_1169101F1111_1_02.xml	無水物
3925	400073_1169101F1111_1_02.xml	無水物
3926	400073_1169101F1111_2_02.xml	無水物
3926	400073_1169101F1111_2_02.xml	無水物
3927	400073_1190004F1064_1_13.xml	チアプリド
3927	400073_1190004F1064_1_13.xml	チアプリド
3928	400073_2129005F1153_1_03.xml	ジソピラミド
3931	400073_2171022F1240_1_05.xml	アムロジピン
3931	400073_2171022F1240_1_05.xml	アムロジピン
3934	400073_2329005F1219_1_03.xml	無水物
3947	400073_4490003R1236_1_02.xml	ケトチフェン
3952	400073_6290005F1067_1_09.xml	テルビナフィン
3953	400073_6290005F1067_2_04.xml	テルビナフィン
3958	400079_1319402G1026_1_04.xml	ペガプタニブのオリゴヌクレオチド
3961	400079_2160005F1021_1_13.xml	エレトリプタン
3993	400093_1162400A1059_1_02.xml	乳酸ビペリデン
4015	400093_2254700G3030_1_03.xml	サルブタモール
4015	400093_2254700G3030_1_03.xml	サルブタモール
4051	400093_7223405D1028_2_03.xml	アルブミン
4051	400093_7223405D1028_2_03.xml	アルブミン
4068	400107_2391404A1020_1_01.xml	パロノセトロン
4071	400107_3131400A3119_1_06.xml	フラビンアデニンジヌクレオチド
4071	400107_3131400A3119_1_06.xml	フラビンアデニンジヌクレオチド
4071	400107_3131400A3119_1_06.xml	フラビンアデニンジヌクレオチド
4071	400107_3131400A3119_1_06.xml	フラビンアデニンジヌクレオチド
4073	400107_3919100F1177_1_01.xml	グリチルリチン酸
4074	400107_3919502A1368_1_02.xml	グリチルリチン酸
4074	400107_3919502A1368_1_02.xml	グリチルリチン酸
4075	400107_3929004F2021_1_09.xml	ホリナート
4080	400107_4224403D1057_1_02.xml	ゲムシタビン
4080	400107_4224403D1057_1_02.xml	ゲムシタビン
4093	400175_5900001A1041_1_05.xml	ベンゾイルアコニン
4100	400186_1169005F1197_2_02.xml	ブロモクリプチン
4108	400186_1214404A2027_2_02.xml	リドカイン塩酸塩
4119	400186_2171022F1312_1_04.xml	アムロジピン
4119	400186_2171022F1312_1_04.xml	アムロジピン
4120	400186_2171022F3200_1_03.xml	アムロジピン
4120	400186_2171022F3200_1_03.xml	アムロジピン
4123	400186_2190402D1061_1_09.xml	アルプロスタジル
4124	400186_2190402D1061_2_09.xml	アルプロスタジル
4125	400186_2190402D2050_1_07.xml	アルプロスタジル
4126	400186_2190402D2050_2_05.xml	アルプロスタジル
4140	400186_2254001R1036_1_02.xml	サルブタモール
4150	400186_2329005F1189_1_03.xml	無水物
4155	400186_2349101D1172_1_01.xml	酸化アルミニウム
4158	400186_2391400G1067_1_03.xml	グラニセトロン
4163	400186_3122001F1027_2_01.xml	チアミン塩化物塩酸塩
4169	400186_3929407D1063_1_04.xml	レボホリナート
4169	400186_3929407D1063_1_04.xml	レボホリナート
4183	400186_4224403D1065_1_02.xml	ゲムシタビン
4183	400186_4224403D1065_1_02.xml	ゲムシタビン
4185	400186_4419008R1080_1_02.xml	クレマスチン
4186	400186_4419008R1080_2_03.xml	クレマスチン
4208	400186_6290005F1199_1_07.xml	テルビナフィン
4209	400186_6290005F1199_2_07.xml	テルビナフィン
4241	400249_2149026F2030_1_07.xml	ドキサゾシン
4241	400249_2149026F2030_1_07.xml	ドキサゾシン
4242	400249_2149026F2030_2_09.xml	ドキサゾシン
4242	400249_2149026F2030_2_09.xml	ドキサゾシン
4243	400249_2149026F2030_3_02.xml	ドキサゾシン
4243	400249_2149026F2030_3_02.xml	ドキサゾシン
4248	400249_2171022F3099_1_05.xml	アムロジピン
4248	400249_2171022F3099_1_05.xml	アムロジピン
4259	400249_2329005F1197_1_03.xml	無水物
4260	400249_2329005F1197_2_03.xml	無水物
4261	400249_2329005F1197_3_02.xml	無水物
4293	400249_4490003M1247_2_02.xml	ケトチフェン
4294	400249_4490003R1201_1_03.xml	ケトチフェン
4295	400249_4490003R1201_2_02.xml	ケトチフェン
4350	400256_3179121A1028_1_07.xml	トコフェロール
4357	400256_3969012F1025_1_04.xml	アログリプチン
4357	400256_3969012F1025_1_04.xml	アログリプチン
4357	400256_3969012F1025_1_04.xml	アログリプチン
4360	400256_3999019F1034_1_13.xml	リセドロン酸ナトリウム水和物
4361	400256_3999019F2030_1_07.xml	リセドロン酸ナトリウム水和物
4384	400256_7223401A1104_1_04.xml	プロチレリン
4385	400256_7223401A2020_1_07.xml	プロチレリン
4385	400256_7223401A2020_1_07.xml	プロチレリン
4435	400278_1149019C1092_1_02.xml	無水物
4435	400278_1149019C1092_1_02.xml	無水物
4443	400278_1169005F1251_1_01.xml	ブロモクリプチン
4444	400278_1169005F1251_2_01.xml	ブロモクリプチン
4445	400278_1169005F1251_3_01.xml	ブロモクリプチン
4446	400278_1169101F1090_1_10.xml	無水カルビドパ
4447	400278_1169101F1090_2_09.xml	無水カルビドパ
4448	400278_1169101F1090_3_07.xml	無水カルビドパ
4449	400278_1169101F1090_4_02.xml	無水カルビドパ
4462	400278_1249010D1076_1_07.xml	チザニジン
4508	400278_2171022F1169_1_05.xml	アムロジピン
4508	400278_2171022F1169_1_05.xml	アムロジピン
4509	400278_2171022F1169_2_04.xml	アムロジピン
4509	400278_2171022F1169_2_04.xml	アムロジピン
4510	400278_2171022F3099_2_01.xml	アムロジピン
4510	400278_2171022F3099_2_01.xml	アムロジピン
4545	400278_2329005F1200_1_02.xml	無水物
4556	400278_2354003F2189_1_03.xml	センノシドＡ・Ｂカルシウム塩
4589	400278_3131001F3096_1_05.xml	フラビンアデニンジヌクレオチド
4590	400278_3131001F3096_2_04.xml	フラビンアデニンジヌクレオチド
4617	400278_4490003M1255_1_02.xml	ケトチフェン
4618	400278_4490003Q1095_1_02.xml	ケトチフェン
4618	400278_4490003Q1095_1_02.xml	ケトチフェン
4619	400278_4490003Q1095_2_01.xml	ケトチフェン
4619	400278_4490003Q1095_2_01.xml	ケトチフェン
4646	400278_6241010F1055_1_04.xml	トスフロキサシン
4646	400278_6241010F1055_1_04.xml	トスフロキサシン
4647	400278_6241010F1055_2_03.xml	トスフロキサシン
4647	400278_6241010F1055_2_03.xml	トスフロキサシン
4651	400278_6290005F1113_1_09.xml	テルビナフィン
4652	400278_6290005F1113_2_11.xml	テルビナフィン
4659	400280_2614700X1158_1_02.xml	過酸化水素
4728	400315_1162400A1040_3_02.xml	乳酸ビペリデン
4730	400315_1163002B1031_3_02.xml	プロフェナミン塩酸塩
4736	400315_1172004B1030_2_05.xml	ペルフェナジン
4737	400315_1172008B1038_2_05.xml	トリフロペラジン
4738	400315_1172008F1021_2_05.xml	トリフロペラジン
4738	400315_1172008F1021_2_05.xml	トリフロペラジン
4739	400315_1172009B1032_2_05.xml	フルフェナジン
4739	400315_1172009B1032_2_05.xml	フルフェナジン
4739	400315_1172009B1032_2_05.xml	フルフェナジン
4739	400315_1172009B1032_2_05.xml	フルフェナジン
4740	400315_1172013F1030_2_05.xml	ペルフェナジン
4740	400315_1172013F1030_2_05.xml	ペルフェナジン
4740	400315_1172013F1030_2_05.xml	ペルフェナジン
4741	400315_1172014B1033_2_05.xml	レボメプロマジン
4741	400315_1172014B1033_2_05.xml	レボメプロマジン
4741	400315_1172014B1033_2_05.xml	レボメプロマジン
4741	400315_1172014B1033_2_05.xml	レボメプロマジン
4741	400315_1172014B1033_2_05.xml	レボメプロマジン
4741	400315_1172014B1033_2_05.xml	レボメプロマジン
4742	400315_1172402A1046_4_05.xml	ペルフェナジン
4743	400315_1172403A1040_4_05.xml	レボメプロマジン
4753	400315_1179031B1038_2_05.xml	カルピプラミン塩酸塩水和物
4775	400315_2144010F1029_2_03.xml	キナプリル
4775	400315_2144010F1029_2_03.xml	キナプリル
4775	400315_2144010F1029_2_03.xml	キナプリル
4776	400315_2149023F1030_3_04.xml	テラゾシン
4776	400315_2149023F1030_3_04.xml	テラゾシン
4776	400315_2149023F1030_3_04.xml	テラゾシン
4776	400315_2149023F1030_3_04.xml	テラゾシン
4782	400315_2171022F1320_1_06.xml	アムロジピン
4782	400315_2171022F1320_1_06.xml	アムロジピン
4796	400315_2229006B1038_2_02.xml	クロペラスチン塩酸塩
4797	400315_2229006F1030_1_02.xml	クロペラスチン塩酸塩
4820	400315_2454407A1033_2_03.xml	デキサメタゾン
4844	400315_3122006F2034_1_05.xml	チアミン塩化物塩酸塩
4847	400315_3214001F1020_1_09.xml	無水物
4868	400315_4413002B1030_2_02.xml	プロメタジン塩酸塩
4881	400315_6241401G1046_1_01.xml	パズフロキサシン
4881	400315_6241401G1046_1_01.xml	パズフロキサシン
4881	400315_6241401G1046_1_01.xml	パズフロキサシン
4882	400315_6250025F1026_1_08.xml	バルガンシクロビル
4885	400315_6290005F1253_1_04.xml	テルビナフィン
4895	400487_1319733Q1064_1_04.xml	ベタキソロール
4896	400487_1319733Q1072_1_04.xml	ベタキソロール
4899	400487_1319752Q1024_1_05.xml	オロパタジン
4900	400487_1319753Q1029_1_03.xml	モキシフロキサシン
4905	400487_1319820Q1022_1_02.xml	チモロール
4925	400813_1149019F1420_1_07.xml	無水物
4938	400813_1169008F1034_1_10.xml	ペルゴリド
4938	400813_1169008F1034_1_10.xml	ペルゴリド
4944	400813_1190004F1056_2_11.xml	チアプリド
4944	400813_1190004F1056_2_11.xml	チアプリド
4954	400813_1249010F1069_2_08.xml	チザニジン
4958	400813_1329705Q1239_1_03.xml	ケトチフェン
4976	400813_2129005F1170_1_02.xml	ジソピラミド
4991	400813_2149002F1063_2_14.xml	プラゾシン
4991	400813_2149002F1063_2_14.xml	プラゾシン
4996	400813_2149026F1034_1_10.xml	ドキサゾシン
4996	400813_2149026F1034_1_10.xml	ドキサゾシン
4996	400813_2149026F1034_1_10.xml	ドキサゾシン
4996	400813_2149026F1034_1_10.xml	ドキサゾシン
5019	400813_2171022F3196_1_03.xml	アムロジピン
5019	400813_2171022F3196_1_03.xml	アムロジピン
5025	400813_2189012F1054_1_02.xml	フルバスタチン
5025	400813_2189012F1054_1_02.xml	フルバスタチン
5025	400813_2189012F1054_1_02.xml	フルバスタチン
5057	400813_2249003Q1056_1_03.xml	クエン酸チペピジン
5074	400813_2323001D3065_1_03.xml	無水物
5074	400813_2323001D3065_1_03.xml	無水物
5076	400813_2325002F1224_1_01.xml	ラニチジン
5076	400813_2325002F1224_1_01.xml	ラニチジン
5084	400813_2325402A1041_1_05.xml	ラニチジン
5084	400813_2325402A1041_1_05.xml	ラニチジン
5085	400813_2325402G1028_1_04.xml	ラニチジン
5085	400813_2325402G1028_1_04.xml	ラニチジン
5086	400813_2329005F1103_2_09.xml	無水物
5106	400813_2329122D1406_1_01.xml	無水物
5107	400813_2329122D1406_2_02.xml	無水物
5108	400813_2329402D1055_1_04.xml	無水物
5113	400813_2349100X1204_1_01.xml	酸化アルミニウム
5114	400813_2349101D1199_1_01.xml	酸化アルミニウム
5115	400813_2354002F2036_1_04.xml	センノシドＡ
5116	400813_2354003F2260_1_02.xml	センノシドＡ・Ｂカルシウム塩
5123	400813_2391400A3091_1_03.xml	グラニセトロン
5123	400813_2391400A3091_1_03.xml	グラニセトロン
5123	400813_2391400A3091_1_03.xml	グラニセトロン
5124	400813_2391400A3091_2_03.xml	グラニセトロン
5124	400813_2391400A3091_2_03.xml	グラニセトロン
5124	400813_2391400A3091_2_03.xml	グラニセトロン
5125	400813_2399004D1048_1_04.xml	塩酸メトクロプラミド
5125	400813_2399004D1048_1_04.xml	塩酸メトクロプラミド
5126	400813_2399004Q1082_1_04.xml	メトクロプラミド
5132	400813_2399401A1091_1_03.xml	メトクロプラミド
5133	400813_2399401G1027_1_03.xml	メトクロプラミド
5182	400813_3214001F1039_2_04.xml	無水物
5183	400813_3222013F1106_2_08.xml	鉄
5189	400813_3262400A1070_2_05.xml	フラビンアデニンジヌクレオチド
5189	400813_3262400A1070_2_05.xml	フラビンアデニンジヌクレオチド
5202	400813_3399003F1057_2_14.xml	リマプロスト
5202	400813_3399003F1057_2_14.xml	リマプロスト
5208	400813_3919502A1333_1_05.xml	Ｌ−システイン塩酸塩相当量
5208	400813_3919502A1333_1_05.xml	グリチルリチン酸
5209	400813_3919502G1042_1_03.xml	Ｌ−システイン塩酸塩相当量
5209	400813_3919502G1042_1_03.xml	グリチルリチン酸
5212	400813_3929407D1101_1_05.xml	レボホリナート
5212	400813_3929407D1101_1_05.xml	レボホリナート
5213	400813_3929407D1101_2_05.xml	レボホリナート
5213	400813_3929407D1101_2_05.xml	レボホリナート
5229	400813_3999018F1064_1_05.xml	アレンドロン酸
5259	400813_4490003M1310_1_03.xml	ケトチフェン
5260	400813_4490003M1310_2_03.xml	ケトチフェン
5261	400813_4490003Q1133_1_02.xml	ケトチフェン
5261	400813_4490003Q1133_1_02.xml	ケトチフェン
5262	400813_4490003R1244_2_03.xml	ケトチフェン
5312	400813_6139501D1036_1_05.xml	イミペネム
5312	400813_6139501D1036_1_05.xml	イミペネム
5312	400813_6139501D1036_1_05.xml	イミペネム
5312	400813_6139501D1036_1_05.xml	シラスタチン
5312	400813_6139501D1036_1_05.xml	シラスタチン
5312	400813_6139501D1036_1_05.xml	シラスタチン
5313	400813_6139501D1036_2_04.xml	イミペネム
5313	400813_6139501D1036_2_04.xml	イミペネム
5313	400813_6139501D1036_2_04.xml	イミペネム
5313	400813_6139501D1036_2_04.xml	シラスタチン
5313	400813_6139501D1036_2_04.xml	シラスタチン
5313	400813_6139501D1036_2_04.xml	シラスタチン
5322	400813_6241008F1031_2_14.xml	シプロフロキサシン
5322	400813_6241008F1031_2_14.xml	シプロフロキサシン
5323	400813_6241010F1101_1_04.xml	トスフロキサシン
5323	400813_6241010F1101_1_04.xml	トスフロキサシン
5334	400813_6290005F1148_1_07.xml	テルビナフィン
5339	400813_7219412A2041_4_05.xml	ヨウ素
5339	400813_7219412A2041_4_05.xml	ヨウ素
5339	400813_7219412A2041_4_05.xml	ヨウ素
5339	400813_7219412A2041_4_05.xml	ヨウ素
5339	400813_7219412A2041_4_05.xml	ヨウ素
5339	400813_7219412A2041_4_05.xml	ヨウ素
5339	400813_7219412A2041_4_05.xml	ヨウ素
5339	400813_7219412A2041_4_05.xml	ヨウ素
5342	400813_7219415A8035_2_11.xml	ヨード
5343	400813_7219415A8035_3_05.xml	ヨード
5348	400813_7290405A7057_1_06.xml	ガドペンテト酸ジメグルミン
5348	400813_7290405A7057_1_06.xml	ガドペンテト酸ジメグルミン
5348	400813_7290405A7057_1_06.xml	ガドペンテト酸ジメグルミン
5348	400813_7290405A7057_1_06.xml	ガドペンテト酸ジメグルミン
5349	400813_7290405A7057_2_02.xml	ガドペンテト酸ジメグルミン
5349	400813_7290405A7057_2_02.xml	ガドペンテト酸ジメグルミン
5349	400813_7290405A7057_2_02.xml	ガドペンテト酸ジメグルミン
5349	400813_7290405A7057_2_02.xml	ガドペンテト酸ジメグルミン
5353	430573_1119400A1031_3_07.xml	ケタミン
5353	430573_1119400A1031_3_07.xml	ケタミン
5354	430573_1119400A2038_3_02.xml	ケタミン
5386	430573_8219400A1047_2_02.xml	フェンタニル
5386	430573_8219400A1047_2_02.xml	フェンタニル
5387	430573_8219400A1063_1_01.xml	フェンタニル
5387	430573_8219400A1063_1_01.xml	フェンタニル
5388	430573_8219500A1037_1_01.xml	フェンタニル
5401	430574_1149019C1149_1_03.xml	無水物
5401	430574_1149019C1149_1_03.xml	無水物
5402	430574_1149034F1042_2_03.xml	ナロキソン
5402	430574_1149034F1042_2_03.xml	ペンタゾシン
5407	430574_1169100F1060_1_01.xml	ベンセラジド
5408	430574_1169101F1120_1_01.xml	無水物
5408	430574_1169101F1120_1_01.xml	無水物
5409	430574_1174004F1028_2_07.xml	ロフェプラミン
5409	430574_1174004F1028_2_07.xml	ロフェプラミン
5449	430574_2241002B1026_2_02.xml	車前草エキス
5450	430574_2241003B1039_1_02.xml	桜皮エキス
5450	430574_2241003B1039_1_02.xml	桜皮エキス
5451	430574_2241003B1039_2_01.xml	桜皮エキス
5451	430574_2241003B1039_2_01.xml	桜皮エキス
5452	430574_2241003S1055_1_01.xml	桜皮エキス
5457	430574_2329014C1033_1_02.xml	プラウノトール
5457	430574_2329014C1033_1_02.xml	プラウノトール
5461	430574_2399012M1026_3_03.xml	セビメリン塩酸塩
5462	430574_2411400D1022_1_02.xml	テトラコサクチド
5463	430574_2411401A2035_1_03.xml	テトラコサクチド
5463	430574_2411401A2035_1_03.xml	亜鉛
5476	430574_2649735Q1020_1_02.xml	無水物
5480	430574_3179108B1036_1_01.xml	チアミン塩化物塩酸塩
5480	430574_3179108B1036_1_01.xml	チアミン塩化物塩酸塩
5480	430574_3179108B1036_1_01.xml	チアミン塩化物塩酸塩
5481	430574_3179506F1023_2_03.xml	チアミン塩化物塩酸塩
5489	430574_3992001F1351_1_01.xml	無水物
5514	430574_6241013C2024_1_04.xml	レボフロキサシン
5514	430574_6241013C2024_1_04.xml	レボフロキサシン
5514	430574_6241013C2024_1_04.xml	レボフロキサシン
5515	430574_6241018C1020_1_04.xml	シタフロキサシン
5515	430574_6241018C1020_1_04.xml	シタフロキサシン
5516	430574_6241402A1021_1_02.xml	レボフロキサシン
5516	430574_6241402A1021_1_02.xml	レボフロキサシン
5517	430574_6250703G1022_1_03.xml	ラニナミビルオクタン酸エステル
5518	430574_7211401A1022_2_02.xml	イオタラム酸ナトリウム
5519	430574_7211402A1043_1_02.xml	イオタラム酸メグルミン
5520	430574_7211402A2031_1_02.xml	イオタラム酸メグルミン
5520	430574_7211402A2031_1_02.xml	イオタラム酸メグルミン
5520	430574_7211402A2031_1_02.xml	イオタラム酸メグルミン
5527	430574_7225401A1028_2_01.xml	無水物
5536	430773_2171022F1401_1_01.xml	アムロジピン
5536	430773_2171022F1401_1_01.xml	アムロジピン
5537	430773_2171022F1401_2_01.xml	アムロジピン
5537	430773_2171022F1401_2_01.xml	アムロジピン
5542	430773_3133001B1193_3_01.xml	パンテチン
5542	430773_3133001B1193_3_01.xml	パンテチン
5542	430773_3133001B1193_3_01.xml	パンテチン
5542	430773_3133001B1193_3_01.xml	パンテチン
5542	430773_3133001B1193_3_01.xml	パンテチン
5542	430773_3133001B1193_3_01.xml	パンテチン
5543	430773_3133400A2052_3_01.xml	パンテチン
5543	430773_3133400A2052_3_01.xml	パンテチン
5552	450045_1169100F1079_1_01.xml	ベンセラジド
5557	450045_2144005F1028_2_08.xml	無水物
5557	450045_2144005F1028_2_08.xml	無水物
5557	450045_2144005F1028_2_08.xml	無水物
5568	450045_2391002C1037_1_03.xml	グラニセトロン
5568	450045_2391002C1037_1_03.xml	グラニセトロン
5568	450045_2391002C1037_1_03.xml	グラニセトロン
5569	450045_2391400A3024_4_09.xml	グラニセトロン
5569	450045_2391400A3024_4_09.xml	グラニセトロン
5569	450045_2391400A3024_4_09.xml	グラニセトロン
5569	450045_2391400A3024_4_09.xml	グラニセトロン
5588	450045_3916400A1024_3_03.xml	グルクロン酸
5588	450045_3916400A1024_3_03.xml	グルクロン酸
5591	450045_3999001Q2058_1_02.xml	ラクツロース
5602	450045_4291002M1036_1_05.xml	プロカルバジン
5604	450045_4291016F1020_1_06.xml	エルロチニブ
5604	450045_4291016F1020_1_06.xml	エルロチニブ
5604	450045_4291016F1020_1_06.xml	エルロチニブ
5609	450045_6250010F1020_1_06.xml	サキナビル
5609	450045_6250010F1020_1_06.xml	サキナビル
5610	450045_6250021M1027_1_24.xml	オセルタミビル
5611	450045_6250021R1024_1_16.xml	オセルタミビル
5614	450045_6399419A1022_1_13.xml	インターフェロン　アルファ−２ａ
5614	450045_6399419A1022_1_13.xml	インターフェロン　アルファ−２ａ
5632	450064_1149019C1122_1_02.xml	無水物
5632	450064_1149019C1122_1_02.xml	無水物
5633	450064_1149019F1498_2_01.xml	無水物
5636	450064_1169003C1035_2_02.xml	ピロヘプチン
5636	450064_1169003C1035_2_02.xml	ピロヘプチン
5644	450064_1190004C1041_1_07.xml	チアプリド
5644	450064_1190004C1041_1_07.xml	チアプリド
5644	450064_1190004C1041_1_07.xml	チアプリド
5645	450064_1249010F1239_1_01.xml	チザニジン
5649	450064_1319730Q1311_1_01.xml	ケトチフェン
5650	450064_1329705Q1280_1_01.xml	ケトチフェン
5670	450064_2149026F2073_1_08.xml	ドキサゾシン
5670	450064_2149026F2073_1_08.xml	ドキサゾシン
5671	450064_2149026F2073_2_09.xml	ドキサゾシン
5671	450064_2149026F2073_2_09.xml	ドキサゾシン
5682	450064_2171022F1053_1_05.xml	アムロジピン
5682	450064_2171022F1053_1_05.xml	アムロジピン
5683	450064_2171022F3277_1_01.xml	アムロジピン
5683	450064_2171022F3277_1_01.xml	アムロジピン
5684	450064_2171022Q1020_1_03.xml	アムロジピン
5684	450064_2171022Q1020_1_03.xml	アムロジピン
5714	450064_2349101D1156_1_01.xml	酸化アルミニウム
5794	450064_6290005F1075_1_05.xml	テルビナフィン
5939	460028_1149019F1471_1_03.xml	無水物
5943	460028_1172014F2147_1_06.xml	レボメプロマジン
5955	460028_1249010F1166_1_08.xml	チザニジン
5958	460028_1319730Q1320_1_01.xml	ケトチフェン
5959	460028_1329705Q1301_1_02.xml	ケトチフェン
5989	460028_2171022F1339_1_08.xml	アムロジピン
5989	460028_2171022F1339_1_08.xml	アムロジピン
6012	460028_2325002F2107_1_02.xml	ラニチジン
6030	460028_2349101D1261_1_01.xml	酸化アルミニウム
6061	460028_3179504A1051_1_08.xml	ヒドロキソコバラミン
6062	460028_3222013D1067_1_03.xml	鉄
6062	460028_3222013D1067_1_03.xml	鉄
6089	460028_6241008F2062_1_12.xml	シプロフロキサシン
6095	470004_1319702Q2138_4_02.xml	チモロール
6109	470004_1319746Q1037_1_02.xml	レボカバスチン
6110	470004_1319746Q1037_2_03.xml	レボカバスチン
6111	470004_2612701Q3300_1_02.xml	有効ヨウ素
6127	470006_2649710S1036_1_01.xml	酸化亜鉛
6149	470007_1149019F1528_3_02.xml	無水物
6151	470007_1149034F1034_2_06.xml	ナロキソン
6151	470007_1149034F1034_2_06.xml	ペンタゾシン
6168	470007_2399004F1170_1_03.xml	塩酸メトクロプラミド
6168	470007_2399004F1170_1_03.xml	塩酸メトクロプラミド
6169	470007_2399401A1113_1_02.xml	メトクロプラミド
6211	470007_3222004X1030_1_02.xml	鉄
6223	470034_2119404G5032_1_07.xml	ドブタミン
6223	470034_2119404G5032_1_07.xml	ドブタミン
6223	470034_2119404G5032_1_07.xml	ドブタミン
6224	470034_2129409G1036_1_06.xml	リドカイン塩酸塩
6228	470034_3179517G1035_1_01.xml	パントテン酸
6228	470034_3179517G1035_1_01.xml	リボフラビン
6239	470034_3239512X1059_1_01.xml	Ｌ−乳酸ナトリウム
6239	470034_3239512X1059_1_01.xml	Ｌ−乳酸ナトリウム
6239	470034_3239512X1059_1_01.xml	Ｌ−乳酸ナトリウム
6239	470034_3239512X1059_1_01.xml	Ｌ−乳酸ナトリウム
6239	470034_3239512X1059_1_01.xml	Ｌ−乳酸ナトリウム
6239	470034_3239512X1059_1_01.xml	Ｌ−乳酸ナトリウム
6241	470034_3253401H4048_2_03.xml	乳酸ナトリウム
6242	470034_3253404A3063_1_01.xml	Ｌ−アルギニン
6242	470034_3253404A3063_1_01.xml	Ｌ−アルギニン
6242	470034_3253404A3063_1_01.xml	Ｌ−システイン
6242	470034_3253404A3063_1_01.xml	Ｌ−システイン
6242	470034_3253404A3063_1_01.xml	Ｌ−ヒスチジン
6242	470034_3253404A3063_1_01.xml	Ｌ−ヒスチジン
6242	470034_3253404A3063_1_01.xml	Ｌ−リジン
6242	470034_3253404A3063_1_01.xml	Ｌ−リジン
6243	470034_3253411A1036_1_03.xml	Ｌ−システイン
6243	470034_3253411A1036_1_03.xml	Ｌ−システイン
6243	470034_3253411A1036_1_03.xml	Ｌ−システイン
6243	470034_3253411A1036_1_03.xml	Ｌ−リジン
6243	470034_3253411A1036_1_03.xml	Ｌ−リジン
6243	470034_3253411A1036_1_03.xml	Ｌ−リジン
6244	470034_3259503A1033_2_03.xml	乳酸ナトリウム
6245	470034_3259514A1031_1_02.xml	Ｌ−アルギニン
6245	470034_3259514A1031_1_02.xml	Ｌ−アルギニン
6245	470034_3259514A1031_1_02.xml	乳酸ナトリウム
6245	470034_3259514A1031_1_02.xml	乳酸ナトリウム
6246	470034_3259516A1030_1_02.xml	Ｌ−システイン
6246	470034_3259516A1030_1_02.xml	Ｌ−システイン
6246	470034_3259516A1030_1_02.xml	Ｌ−リジン
6246	470034_3259516A1030_1_02.xml	Ｌ−リジン
6247	470034_3259519G1037_1_02.xml	Ｌ−アルギニン
6247	470034_3259519G1037_1_02.xml	Ｌ−アルギニン
6247	470034_3259519G1037_1_02.xml	Ｌ−アルギニン
6247	470034_3259519G1037_1_02.xml	Ｌ−アルギニン
6247	470034_3259519G1037_1_02.xml	Ｌ−ヒスチジン
6247	470034_3259519G1037_1_02.xml	Ｌ−ヒスチジン
6247	470034_3259519G1037_1_02.xml	Ｌ−ヒスチジン
6247	470034_3259519G1037_1_02.xml	Ｌ−ヒスチジン
6247	470034_3259519G1037_1_02.xml	Ｌ−リジン
6247	470034_3259519G1037_1_02.xml	Ｌ−リジン
6247	470034_3259519G1037_1_02.xml	Ｌ−リジン
6247	470034_3259519G1037_1_02.xml	Ｌ−リジン
6247	470034_3259519G1037_1_02.xml	Ｌ−乳酸ナトリウム
6247	470034_3259519G1037_1_02.xml	Ｌ−乳酸ナトリウム
6247	470034_3259519G1037_1_02.xml	Ｌ−乳酸ナトリウム
6247	470034_3259519G1037_1_02.xml	Ｌ−乳酸ナトリウム
6248	470034_3259523G1033_1_03.xml	Ｌ−システイン
6248	470034_3259523G1033_1_03.xml	Ｌ−システイン
6248	470034_3259523G1033_1_03.xml	Ｌ−システイン
6248	470034_3259523G1033_1_03.xml	Ｌ−リジン
6248	470034_3259523G1033_1_03.xml	Ｌ−リジン
6248	470034_3259523G1033_1_03.xml	Ｌ−リジン
6248	470034_3259523G1033_1_03.xml	Ｌ−乳酸ナトリウム
6248	470034_3259523G1033_1_03.xml	Ｌ−乳酸ナトリウム
6248	470034_3259523G1033_1_03.xml	Ｌ−乳酸ナトリウム
6248	470034_3259523G1033_1_03.xml	パントテン酸
6248	470034_3259523G1033_1_03.xml	パントテン酸
6248	470034_3259523G1033_1_03.xml	パントテン酸
6248	470034_3259523G1033_1_03.xml	リボフラビン
6248	470034_3259523G1033_1_03.xml	リボフラビン
6248	470034_3259523G1033_1_03.xml	リボフラビン
6249	470034_3259523G2030_1_03.xml	Ｌ−システイン
6249	470034_3259523G2030_1_03.xml	Ｌ−システイン
6249	470034_3259523G2030_1_03.xml	Ｌ−リジン
6249	470034_3259523G2030_1_03.xml	Ｌ−リジン
6249	470034_3259523G2030_1_03.xml	Ｌ−乳酸ナトリウム
6249	470034_3259523G2030_1_03.xml	Ｌ−乳酸ナトリウム
6249	470034_3259523G2030_1_03.xml	パントテン酸
6249	470034_3259523G2030_1_03.xml	パントテン酸
6249	470034_3259523G2030_1_03.xml	リボフラビン
6249	470034_3259523G2030_1_03.xml	リボフラビン
6250	470034_3259528G1052_1_02.xml	Ｌ−リジン
6250	470034_3259528G1052_1_02.xml	乳酸ナトリウム
6250	470034_3259528G1052_1_02.xml	乳酸ナトリウム
6257	470034_3319500A3067_1_02.xml	乳酸ナトリウム
6257	470034_3319500A3067_1_02.xml	乳酸ナトリウム
6259	470034_3319506A2050_1_01.xml	乳酸ナトリウム
6259	470034_3319506A2050_1_01.xml	乳酸ナトリウム
6260	470034_3319510A4083_1_02.xml	乳酸ナトリウム
6260	470034_3319510A4083_1_02.xml	乳酸ナトリウム
6260	470034_3319510A4083_1_02.xml	乳酸ナトリウム
6261	470034_3319511A4037_1_01.xml	乳酸ナトリウム
6261	470034_3319511A4037_1_01.xml	乳酸ナトリウム
6262	470034_3319513A3072_1_02.xml	乳酸ナトリウム
6262	470034_3319513A3072_1_02.xml	乳酸ナトリウム
6263	470034_3319515A2040_1_02.xml	乳酸ナトリウム
6263	470034_3319515A2040_1_02.xml	乳酸ナトリウム
6264	470034_3319523A3050_1_02.xml	乳酸ナトリウム
6264	470034_3319523A3050_1_02.xml	乳酸ナトリウム
6265	470034_3319525A2044_1_02.xml	乳酸ナトリウム
6265	470034_3319525A2044_1_02.xml	乳酸ナトリウム
6266	470034_3319529A2042_1_02.xml	乳酸ナトリウム
6266	470034_3319529A2042_1_02.xml	乳酸ナトリウム
6267	470034_3319534A4160_1_03.xml	乳酸ナトリウム
6267	470034_3319534A4160_1_03.xml	乳酸ナトリウム
6267	470034_3319534A4160_1_03.xml	乳酸ナトリウム
6268	470034_3319535A5071_1_02.xml	乳酸ナトリウム
6268	470034_3319535A5071_1_02.xml	乳酸ナトリウム
6269	470034_3319537A2047_1_02.xml	乳酸ナトリウム
6269	470034_3319537A2047_1_02.xml	乳酸ナトリウム
6270	470034_3319538A4095_1_02.xml	乳酸ナトリウム
6270	470034_3319538A4095_1_02.xml	乳酸ナトリウム
6277	470034_3919502G1034_1_05.xml	グリチルリチン酸
6277	470034_3919502G1034_1_05.xml	グリチルリチン酸
6362	470310_2259702G2021_2_05.xml	イプラトロピウム臭化物
6369	470310_2691700M1053_1_07.xml	タカルシトール
6369	470310_2691700M1053_1_07.xml	タカルシトール
6369	470310_2691700M1053_1_07.xml	タカルシトール
6370	470310_2691700M1053_2_08.xml	タカルシトール
6370	470310_2691700M1053_2_08.xml	タカルシトール
6370	470310_2691700M1053_2_08.xml	タカルシトール
6371	470310_2691700M2025_2_10.xml	タカルシトール
6371	470310_2691700M2025_2_10.xml	タカルシトール
6372	470310_2691700M2025_3_10.xml	タカルシトール
6372	470310_2691700M2025_3_10.xml	タカルシトール
6375	470310_3999018F1030_2_13.xml	アレンドロン酸
6376	470310_3999018F2036_1_08.xml	アレンドロン酸
6377	470310_3999419A1048_1_05.xml	アレンドロン酸
6377	470310_3999419A1048_1_05.xml	アレンドロン酸
6390	480008_3131401A3032_1_07.xml	リボフラビン
6390	480008_3131401A3032_1_07.xml	リボフラビン
6402	480018_1319702Q1093_1_09.xml	チモロール
6402	480018_1319702Q1093_1_09.xml	チモロール
6410	480018_1319730Q1230_2_02.xml	ケトチフェン
6415	480018_1319746Q1053_1_03.xml	レボカバスチン
6416	480018_1329705Q1212_1_02.xml	ケトチフェン
6482	480018_6290005F1059_1_07.xml	テルビナフィン
6570	480127_2229006Q1030_1_01.xml	クロペラスチン塩酸塩
6603	480143_6290005F1229_1_06.xml	テルビナフィン
6647	480199_2260702F1055_1_02.xml	脱水物
6655	480199_2349100X1247_1_01.xml	酸化アルミニウム
6656	480199_2349101D1237_1_01.xml	酸化アルミニウム
6658	480199_2399713E1058_1_02.xml	脱水物
6704	480209_1190004C1084_1_04.xml	チアプリド
6709	480209_1249010F1050_1_14.xml	チザニジン
6710	480209_1249010F1050_2_13.xml	チザニジン
6714	480209_1319702Q1077_1_11.xml	チモロール
6714	480209_1319702Q1077_1_11.xml	チモロール
6715	480209_1319702Q1077_2_02.xml	チモロール
6715	480209_1319702Q1077_2_02.xml	チモロール
6732	480209_1319730Q1206_1_05.xml	ケトチフェン
6733	480209_1319730Q1206_2_01.xml	ケトチフェン
6734	480209_1319730Q1206_3_01.xml	ケトチフェン
6741	480209_1329705Q1204_1_04.xml	ケトチフェン
6742	480209_1329705Q1204_2_01.xml	ケトチフェン
6763	480209_2171022F1142_1_08.xml	アムロジピン
6763	480209_2171022F1142_1_08.xml	アムロジピン
6764	480209_2171022F1142_2_02.xml	アムロジピン
6764	480209_2171022F1142_2_02.xml	アムロジピン
6765	480209_2171022F3064_1_04.xml	アムロジピン
6765	480209_2171022F3064_1_04.xml	アムロジピン
6766	480209_2171022F3064_2_03.xml	アムロジピン
6766	480209_2171022F3064_2_03.xml	アムロジピン
6805	480209_3122401A4110_1_03.xml	フルスルチアミン
6811	480209_3919502A1325_1_08.xml	グリチルリチン酸
6811	480209_3919502A1325_1_08.xml	グリチルリチン酸
6812	480209_3919502A1325_3_02.xml	グリチルリチン酸
6824	480209_4490003Q1117_1_07.xml	ケトチフェン
6904	480235_1149019F1390_1_04.xml	無水物
6913	480235_1169005F1219_1_02.xml	ブロモクリプチン
6930	480235_1249010F1158_1_12.xml	チザニジン
6933	480235_1319730Q1290_1_02.xml	ケトチフェン
6937	480235_1329705Q1263_1_02.xml	ケトチフェン
6953	480235_2129005F1161_1_03.xml	ジソピラミド
6964	480235_2144005F1044_1_01.xml	無水物
6964	480235_2144005F1044_1_01.xml	無水物
6964	480235_2144005F1044_1_01.xml	無水物
6968	480235_2145001F2317_1_04.xml	メチルドパ
6973	480235_2149026F2103_1_11.xml	ドキサゾシン
6973	480235_2149026F2103_1_11.xml	ドキサゾシン
6994	480235_2171022F1347_1_07.xml	アムロジピン
6994	480235_2171022F1347_1_07.xml	アムロジピン
6995	480235_2171022F3030_1_10.xml	アムロジピン
6995	480235_2171022F3030_1_10.xml	アムロジピン
6996	480235_2171022Q1054_1_02.xml	アムロジピン
6996	480235_2171022Q1054_1_02.xml	アムロジピン
7033	480235_2325002F1127_1_13.xml	ラニチジン
7033	480235_2325002F1127_1_13.xml	ラニチジン
7043	480235_2329005C2081_1_03.xml	無水物
7043	480235_2329005C2081_1_03.xml	無水物
7058	480235_2349101D1245_1_01.xml	酸化アルミニウム
7059	480235_2354003F2227_1_05.xml	センノシドＡ・Ｂ
7062	480235_2391400A3148_1_02.xml	グラニセトロン
7062	480235_2391400A3148_1_02.xml	グラニセトロン
7063	480235_2399004F1154_1_13.xml	塩酸メトクロプラミド
7098	480235_3122007F2055_1_10.xml	フルスルチアミン
7099	480235_3122008F1045_1_02.xml	チアミン塩化物塩酸塩
7100	480235_3122401A2037_2_02.xml	フルスルチアミン
7100	480235_3122401A2037_2_02.xml	フルスルチアミン
7100	480235_3122401A2037_2_02.xml	フルスルチアミン
7102	480235_3131400A4263_1_03.xml	フラビンアデニンジヌクレオチド
7112	480235_3179109M1023_1_09.xml	チアミン塩化物塩酸塩
7114	480235_3179504A1175_1_09.xml	ヒドロキソコバラミン
7115	480235_3214001F1055_1_04.xml	無水物
7131	480235_3919502A1414_1_01.xml	Ｌ−システイン塩酸塩
7131	480235_3919502A1414_1_01.xml	グリチルリチン酸
7134	480235_3929407D1110_1_04.xml	レボホリナート
7135	480235_3929407D2051_1_04.xml	レボホリナート
7171	480235_4490003M1336_1_02.xml	ケトチフェン
7172	480235_4490003Q1150_1_01.xml	ケトチフェン
7172	480235_4490003Q1150_1_01.xml	ケトチフェン
7218	480235_6241008F2070_1_13.xml	シプロフロキサシン
7251	480297_1319751Q1020_1_05.xml	トスフロキサシン
7268	480297_6241010C1024_1_03.xml	トスフロキサシン
7270	480297_6241017F1022_1_09.xml	ガレノキサシン
7271	480297_6241401G1020_1_16.xml	パズフロキサシン
7271	480297_6241401G1020_1_16.xml	パズフロキサシン
7271	480297_6241401G1020_1_16.xml	パズフロキサシン
7317	480348_3420409A2051_1_03.xml	乳酸ナトリウム
7317	480348_3420409A2051_1_03.xml	乳酸ナトリウム
7317	480348_3420409A2051_1_03.xml	乳酸ナトリウム
7317	480348_3420409A2051_1_03.xml	乳酸ナトリウム
7317	480348_3420409A2051_1_03.xml	乳酸ナトリウム
7317	480348_3420409A2051_1_03.xml	乳酸ナトリウム
7317	480348_3420409A2051_1_03.xml	乳酸ナトリウム
7317	480348_3420409A2051_1_03.xml	乳酸ナトリウム
7317	480348_3420409A2051_1_03.xml	乳酸ナトリウム
7317	480348_3420409A2051_1_03.xml	乳酸ナトリウム
7319	480348_3420419A2047_1_03.xml	乳酸ナトリウム
7319	480348_3420419A2047_1_03.xml	乳酸ナトリウム
7319	480348_3420419A2047_1_03.xml	乳酸ナトリウム
7319	480348_3420419A2047_1_03.xml	乳酸ナトリウム
7319	480348_3420419A2047_1_03.xml	乳酸ナトリウム
7319	480348_3420419A2047_1_03.xml	乳酸ナトリウム
7319	480348_3420419A2047_1_03.xml	乳酸ナトリウム
7319	480348_3420419A2047_1_03.xml	乳酸ナトリウム
7319	480348_3420419A2047_1_03.xml	乳酸ナトリウム
7319	480348_3420419A2047_1_03.xml	乳酸ナトリウム
7399	510292_2399004C1085_1_02.xml	塩酸メトクロプラミド
7399	510292_2399004C1085_1_02.xml	塩酸メトクロプラミド
7400	510292_2399004Q1104_1_01.xml	メトクロプラミド
7403	510292_2399401A1121_1_01.xml	メトクロプラミド
7424	530090_1249351B1192_1_03.xml	アルカロイド
7425	530090_1249351B1192_2_04.xml	アルカロイド
7426	530090_1249351B1192_3_01.xml	アルカロイド
7434	530090_2260701F1158_1_05.xml	有効ヨウ素
7435	530090_2260701F1344_1_01.xml	有効ヨウ素
7462	530090_2612701Q3130_1_04.xml	有効ヨウ素
7463	530090_2612701Q3130_2_03.xml	有効ヨウ素
7464	530090_2612701Q3407_1_01.xml	有効ヨウ素
7465	530090_2612701Q3407_2_01.xml	有効ヨウ素
7618	530090_7149006X1221_1_03.xml	メントール
7619	530090_7149006X1221_2_01.xml	メントール
7644	530113_1149019F1552_1_02.xml	無水物
7647	530113_1149403A1069_1_02.xml	ブプレノルフィン
7647	530113_1149403A1069_1_02.xml	ブプレノルフィン
7653	530113_1179019F1063_1_01.xml	ヒドロキシジン塩酸塩
7654	530113_1179019F1063_2_01.xml	ヒドロキシジン塩酸塩
7656	530113_1190004F1102_1_08.xml	チアプリド
7670	530113_1249010F1115_1_11.xml	チザニジン
7672	530113_1319702Q1085_1_07.xml	チモロール
7672	530113_1319702Q1085_1_07.xml	チモロール
7673	530113_1319702Q1085_2_05.xml	チモロール
7673	530113_1319702Q1085_2_05.xml	チモロール
7681	530113_1319730Q1303_1_02.xml	ケトチフェン
7696	530113_2149026F2049_1_09.xml	ドキサゾシン
7696	530113_2149026F2049_1_09.xml	ドキサゾシン
7697	530113_2149026F2049_2_10.xml	ドキサゾシン
7697	530113_2149026F2049_2_10.xml	ドキサゾシン
7698	530113_2149026F2049_3_01.xml	ドキサゾシン
7698	530113_2149026F2049_3_01.xml	ドキサゾシン
7709	530113_2171022F1134_1_06.xml	アムロジピン
7709	530113_2171022F1134_1_06.xml	アムロジピン
7710	530113_2171022F3080_1_03.xml	アムロジピン
7710	530113_2171022F3080_1_03.xml	アムロジピン
7711	530113_2171022F3080_2_01.xml	アムロジピン
7711	530113_2171022F3080_2_01.xml	アムロジピン
7741	530113_2349100X1212_1_01.xml	酸化アルミニウム
7742	530113_2349100X1212_2_01.xml	酸化アルミニウム
7743	530113_2349101D1202_1_01.xml	酸化アルミニウム
7768	530113_2612701Q3245_1_04.xml	有効ヨウ素
7771	530113_3122401A4129_1_01.xml	フルスルチアミン
7812	530113_3919100F1169_1_02.xml	グリチルリチン酸
7813	530113_3919502A1155_1_12.xml	Ｌ−システイン塩酸塩
7813	530113_3919502A1155_1_12.xml	Ｌ−システイン塩酸塩
7813	530113_3919502A1155_1_12.xml	グリチルリチン酸
7813	530113_3919502A1155_1_12.xml	グリチルリチン酸
7867	530169_1149019C1130_1_04.xml	無水物
7867	530169_1149019C1130_1_04.xml	無水物
7881	530169_1190004C1092_1_02.xml	チアプリド
7888	530169_1249010D1050_1_07.xml	チザニジン
7888	530169_1249010D1050_1_07.xml	チザニジン
7892	530169_1319730Q1265_1_02.xml	ケトチフェン
7914	530169_2144006F1073_1_01.xml	リシノプリル
7914	530169_2144006F1073_1_01.xml	リシノプリル
7914	530169_2144006F1073_1_01.xml	リシノプリル
7935	530169_2171022F1355_1_06.xml	アムロジピン
7935	530169_2171022F1355_1_06.xml	アムロジピン
7936	530169_2171022F3218_1_03.xml	アムロジピン
7936	530169_2171022F3218_1_03.xml	アムロジピン
7964	530169_2254001F1080_1_03.xml	サルブタモール
7968	530169_2325002F1160_1_13.xml	ラニチジン
7968	530169_2325002F1160_1_13.xml	ラニチジン
7984	530169_2329403D1068_1_01.xml	オメプラゾール
7991	530169_2391400A3105_1_03.xml	グラニセトロン
7991	530169_2391400A3105_1_03.xml	グラニセトロン
7992	530169_2391400G1113_1_02.xml	グラニセトロン
8048	530169_3929407D1128_1_04.xml	レボホリナート
8048	530169_3929407D1128_1_04.xml	レボホリナート
8048	530169_3929407D1128_1_04.xml	レボホリナート
8083	530169_4490003M1280_1_01.xml	ケトチフェン
8084	530169_4490003R1252_1_03.xml	ケトチフェン
8125	530169_6241010F1128_1_04.xml	トスフロキサシン
8125	530169_6241010F1128_1_04.xml	トスフロキサシン
8147	530191_2399012M1034_1_09.xml	セビメリン塩酸塩
8151	530191_3179515F1057_1_01.xml	パントテン酸
8151	530191_3179515F1057_1_01.xml	リボフラビン
8152	530191_3179515F1057_2_01.xml	パントテン酸
8152	530191_3179515F1057_2_01.xml	リボフラビン
8154	530191_4224001M1020_1_09.xml	無水物
8154	530191_4224001M1020_1_09.xml	無水物
8155	530191_4224403D1073_1_02.xml	ゲムシタビン
8155	530191_4224403D1073_1_02.xml	ゲムシタビン
8166	530191_4240407A1036_1_01.xml	ビノレルビン
8166	530191_4240407A1036_1_01.xml	ビノレルビン
8167	530191_4240408D1037_1_03.xml	ノギテカン
8169	530191_4291007F1021_1_10.xml	トレミフェン
8169	530191_4291007F1021_1_10.xml	トレミフェン
8175	530191_6391701X1030_2_02.xml	無水和物
8191	530213_2329005C1042_1_03.xml	無水物
8191	530213_2329005C1042_1_03.xml	無水物
8224	530258_2149017F1035_1_02.xml	グアナベンズ
8235	530258_3222012Q1030_1_02.xml	鉄
8286	530263_4219003M1054_1_04.xml	エストラムスチンリン酸エステル
8388	530304_1319702Q1131_1_03.xml	チモロール
8388	530304_1319702Q1131_1_03.xml	チモロール
8389	530304_1319703Q2094_1_02.xml	アズレンスルホン酸ナトリウム
8401	530304_1319730Q1222_1_02.xml	ケトチフェン
8403	530304_1319733Q1080_1_01.xml	ベタキソロール
8411	530304_1319811Q2038_1_05.xml	フラビンアデニンジヌクレオチド
8433	530359_4300419A1020_1_06.xml	人血清アルブミン
8451	530372_1149019F1455_1_03.xml	無水物
8452	530372_1149019F1455_2_02.xml	無水物
8455	530372_1249010F1123_1_09.xml	チザニジン
8456	530372_1249010F1123_2_07.xml	チザニジン
8465	530372_2171022F1266_1_06.xml	アムロジピン
8465	530372_2171022F1266_1_06.xml	アムロジピン
8466	530372_2171022F1266_2_06.xml	アムロジピン
8466	530372_2171022F1266_2_06.xml	アムロジピン
8467	530372_2171022F3161_1_05.xml	アムロジピン
8467	530372_2171022F3161_1_05.xml	アムロジピン
8468	530372_2171022F3161_2_03.xml	アムロジピン
8468	530372_2171022F3161_2_03.xml	アムロジピン
8509	530372_6290005F1164_1_07.xml	テルビナフィン
8510	530372_6290005F1164_2_07.xml	テルビナフィン
8511	530377_2145001F1027_2_04.xml	無水物
8511	530377_2145001F1027_2_04.xml	無水物
8512	530377_2171022F1410_1_01.xml	アムロジピン
8512	530377_2171022F1410_1_01.xml	アムロジピン
8524	530471_1179050M1023_1_07.xml	アトモキセチン
8524	530471_1179050M1023_1_07.xml	アトモキセチン
8524	530471_1179050M1023_1_07.xml	アトモキセチン
8542	530471_4224403D1030_1_12.xml	ゲムシタビン
8542	530471_4224403D1030_1_12.xml	ゲムシタビン
8543	530471_4229401D1020_1_05.xml	ペメトレキセド
8543	530471_4229401D1020_1_05.xml	ペメトレキセド
8546	530614_6250012F1037_1_01.xml	ネルフィナビルメシル酸塩
8547	530614_6250012F1037_2_01.xml	ネルフィナビルメシル酸塩
8548	530614_6250024F1021_1_10.xml	テノホビル　ジソプロキシル
8550	530614_6250103F1036_1_01.xml	テノホビル　ジソプロキシル
8553	531077_1319702Q1115_2_03.xml	チモロール
8553	531077_1319702Q1115_2_03.xml	チモロール
8556	531077_1319730Q1257_1_02.xml	ケトチフェン
8577	580591_2171022F1096_1_09.xml	アムロジピン
8577	580591_2171022F1096_1_09.xml	アムロジピン
8578	580591_2171022F3056_1_04.xml	アムロジピン
8578	580591_2171022F3056_1_04.xml	アムロジピン
8651	620095_1139400F1023_1_03.xml	フェノバルビタール
8654	620095_3929007M1028_1_02.xml	亜鉛
8654	620095_3929007M1028_1_02.xml	亜鉛
8670	630004_2190029F1026_1_09.xml	炭酸ランタン水和物
8670	630004_2190029F1026_1_09.xml	炭酸ランタン水和物
8694	630004_4291003F1155_2_09.xml	タモキシフェンクエン酸塩
8694	630004_4291003F1155_2_09.xml	タモキシフェンクエン酸塩
8695	630004_4291017F1025_1_12.xml	ソラフェニブトシル酸塩
8699	630004_6241008F1023_1_13.xml	塩酸シプロフロキサシン
8699	630004_6241008F1023_1_13.xml	塩酸シプロフロキサシン
8700	630004_6241016F1028_1_07.xml	モキシフロキサシン塩酸塩
8713	630004_7290405A4031_1_02.xml	ガドペンテト酸ジメグルミン
8713	630004_7290405A4031_1_02.xml	ガドペンテト酸ジメグルミン
8713	630004_7290405A4031_1_02.xml	ガドペンテト酸ジメグルミン
8713	630004_7290405A4031_1_02.xml	ガドペンテト酸ジメグルミン
8714	630004_7290405A7073_1_02.xml	ガドペンテト酸ジメグルミン
8714	630004_7290405A7073_1_02.xml	ガドペンテト酸ジメグルミン
8714	630004_7290405A7073_1_02.xml	ガドペンテト酸ジメグルミン
8714	630004_7290405A7073_1_02.xml	ガドペンテト酸ジメグルミン
8749	630364_2171022F3102_1_05.xml	アムロジピン
8749	630364_2171022F3102_1_05.xml	アムロジピン
8750	630364_2171022Q1038_1_03.xml	アムロジピン
8750	630364_2171022Q1038_1_03.xml	アムロジピン
8755	640452_2171022F1177_1_04.xml	アムロジピン
8755	640452_2171022F1177_1_04.xml	アムロジピン
8756	640452_3929407D1039_1_05.xml	レボホリナート
8756	640452_3929407D1039_1_05.xml	レボホリナート
8767	650014_2391400A3156_1_02.xml	グラニセトロン
8767	650014_2391400A3156_1_02.xml	グラニセトロン
8768	650014_2391400G1059_1_02.xml	グラニセトロン
8769	650014_2391400G1156_1_01.xml	グラニセトロン
8769	650014_2391400G1156_1_01.xml	グラニセトロン
8787	650014_3929407D1055_1_04.xml	レボホリナート
8787	650014_3929407D1055_1_04.xml	レボホリナート
8788	650014_3929407D1055_2_04.xml	レボホリナート
8788	650014_3929407D1055_2_04.xml	レボホリナート
8881	650037_1249010F1220_1_03.xml	チザニジン
8882	650037_1249010F1220_2_04.xml	チザニジン
8898	650037_2171022F1126_1_05.xml	アムロジピン
8898	650037_2171022F1126_1_05.xml	アムロジピン
8899	650037_2171022F3072_1_03.xml	アムロジピン
8899	650037_2171022F3072_1_03.xml	アムロジピン
8918	650037_2260700B1135_1_01.xml	脱水物
8919	650037_2260702F1063_1_01.xml	脱水物
8926	650037_2325402G1036_1_03.xml	ラニチジン
8926	650037_2325402G1036_1_03.xml	ラニチジン
8932	650037_2329122C1044_1_01.xml	一水和物
8933	650037_2329403D1041_1_01.xml	オメプラゾールナトリウム
8941	650037_2391401G1037_1_02.xml	オンダンセトロン
8946	650037_2612701Q3369_1_01.xml	有効ヨウ素
8960	650037_3131400A5200_1_03.xml	フラビンアデニンジヌクレオチド
8980	650037_3262400A1169_1_01.xml	フラビンアデニンジヌクレオチド
8980	650037_3262400A1169_1_01.xml	フラビンアデニンジヌクレオチド
9010	650037_3919502A1252_1_12.xml	Ｌ−システイン塩酸塩
9010	650037_3919502A1252_1_12.xml	グリチルリチン酸
9011	650037_3919502A1252_3_05.xml	Ｌ−システイン塩酸塩
9011	650037_3919502A1252_3_05.xml	グリチルリチン酸
9012	650037_3919502G1050_1_01.xml	Ｌ−システイン塩酸塩
9012	650037_3919502G1050_1_01.xml	Ｌ−システイン塩酸塩
9012	650037_3919502G1050_1_01.xml	グリチルリチン酸
9012	650037_3919502G1050_1_01.xml	グリチルリチン酸
9014	650037_3929407D1071_1_07.xml	レボホリナート
9014	650037_3929407D1071_1_07.xml	レボホリナート
9019	650037_3992001F1335_1_02.xml	無水物
9051	650037_6139501G1059_1_02.xml	シラスタチン
9053	650037_6241010F1047_1_04.xml	トスフロキサシン
9053	650037_6241010F1047_1_04.xml	トスフロキサシン
9056	650037_6290005F1105_1_06.xml	テルビナフィン
9061	650037_7223401A1066_1_04.xml	プロチレリン
9062	650037_7223401A3050_1_04.xml	プロチレリン
9080	650168_2149117F1025_1_03.xml	アムロジピン
9101	650168_2259709G1027_1_10.xml	チオトロピウム臭化物水和物
9102	650168_2259709G2023_1_04.xml	チオトロピウム臭化物水和物
9103	650168_2329005C2073_1_02.xml	ピレンゼピン塩酸塩水和物
9104	650168_2329005F1251_1_02.xml	ピレンゼピン塩酸塩水和物
9108	650208_1149019C1114_3_03.xml	無水物
9113	650208_2349100X1174_1_01.xml	酸化アルミニウム
9136	670109_1169005F1189_1_06.xml	ブロモクリプチン
9141	670109_2119404A1158_1_02.xml	ドブタミン
9142	670109_2119404A1158_2_02.xml	ドブタミン
9147	670109_2171022F1088_1_05.xml	アムロジピン
9147	670109_2171022F1088_1_05.xml	アムロジピン
9149	670109_2190402D1096_1_05.xml	アルプロスタジル
9151	670109_2190402D2076_1_03.xml	アルプロスタジル
9157	670109_2391400A3172_1_02.xml	グラニセトロン
9157	670109_2391400A3172_1_02.xml	グラニセトロン
9158	670109_2391400A4055_2_02.xml	グラニセトロン
9159	670109_2391401A1034_1_03.xml	オンダンセトロン
9159	670109_2391401A1034_1_03.xml	オンダンセトロン
9170	670109_2454404A1099_1_04.xml	ベタメタゾン
9170	670109_2454404A1099_1_04.xml	ベタメタゾン
9170	670109_2454404A1099_1_04.xml	ベタメタゾン
9171	670109_2454405A9060_1_02.xml	デキサメタゾン
9172	670109_2454405H1032_1_01.xml	デキサメタゾン
9172	670109_2454405H1032_1_01.xml	デキサメタゾン
9172	670109_2454405H1032_1_01.xml	デキサメタゾン
9176	670109_2459400D2030_1_04.xml	無水物
9194	670109_2499701R1079_1_04.xml	ブセレリン
9228	670109_3399003F1103_1_06.xml	リマプロスト
9232	670109_3929407D1047_1_04.xml	レボホリナート
9232	670109_3929407D1047_1_04.xml	レボホリナート
9260	670109_6290005F1083_1_07.xml	テルビナフィン
9261	670109_6290005F1083_2_03.xml	テルビナフィン
9274	670109_7290405A7065_1_03.xml	ガドペンテト酸ジメグルミン
9274	670109_7290405A7065_1_03.xml	ガドペンテト酸ジメグルミン
9274	670109_7290405A7065_1_03.xml	ガドペンテト酸ジメグルミン
9274	670109_7290405A7065_1_03.xml	ガドペンテト酸ジメグルミン
9274	670109_7290405A7065_1_03.xml	ガドペンテト酸ジメグルミン
9275	670109_7290405A7065_2_04.xml	ガドペンテト酸ジメグルミン
9275	670109_7290405A7065_2_04.xml	ガドペンテト酸ジメグルミン
9275	670109_7290405A7065_2_04.xml	ガドペンテト酸ジメグルミン
9275	670109_7290405A7065_2_04.xml	ガドペンテト酸ジメグルミン
9275	670109_7290405A7065_2_04.xml	ガドペンテト酸ジメグルミン
9308	670142_2354002F2028_1_08.xml	センノシドＡ
9352	670156_3131400A3046_1_04.xml	フラビンアデニンジヌクレオチド
9361	670156_3172400A1046_1_07.xml	リボフラビン
9364	670156_3222013F1092_1_08.xml	鉄
9419	670156_3919502A1112_1_09.xml	グリチルリチン酸
9419	670156_3919502A1112_1_09.xml	無水物
9420	670156_3919502A1112_3_06.xml	グリチルリチン酸
9420	670156_3919502A1112_3_06.xml	無水物
9463	670167_7149006X1159_1_03.xml	ハッカから得た精油で、メントール
9469	670227_1214400A5052_1_02.xml	無水物
9469	670227_1214400A5052_1_02.xml	無水物
9469	670227_1214400A5052_1_02.xml	無水物
9469	670227_1214400A5052_1_02.xml	無水物
9469	670227_1214400A5052_1_02.xml	無水物
9469	670227_1214400A5052_1_02.xml	無水物
9469	670227_1214400A5052_1_02.xml	無水物
9469	670227_1214400A5052_1_02.xml	無水物
9469	670227_1214400A5052_1_02.xml	無水物
9474	670227_1214403A1026_1_07.xml	無水物
9474	670227_1214403A1026_1_07.xml	無水物
9474	670227_1214403A1026_1_07.xml	無水物
9475	670227_1214403A4025_1_07.xml	無水物
9475	670227_1214403A4025_1_07.xml	無水物
9475	670227_1214403A4025_1_07.xml	無水物
9475	670227_1214403A4025_1_07.xml	無水物
9476	670227_1214405A1025_1_07.xml	無水物
9477	670227_1214405A3028_1_07.xml	無水物
9477	670227_1214405A3028_1_07.xml	無水物
9483	670227_2144006F1022_1_15.xml	無水物
9483	670227_2144006F1022_1_15.xml	無水物
9483	670227_2144006F1022_1_15.xml	無水物
9489	670227_2189017F1022_1_09.xml	ロスバスタチンカルシウム
9489	670227_2189017F1022_1_09.xml	ロスバスタチンカルシウム
9490	670227_2189017F1022_2_09.xml	ロスバスタチンカルシウム
9490	670227_2189017F1022_2_09.xml	ロスバスタチンカルシウム
9498	670227_2329403D1025_1_10.xml	オメプラゾールナトリウム
9499	670227_2499406G1025_1_17.xml	ゴセレリン酢酸塩
9500	670227_2499406G2021_1_10.xml	ゴセレリン酢酸塩
9501	670227_2499406G3028_1_12.xml	ゴセレリン酢酸塩
9502	670227_4291003F1163_1_12.xml	タモキシフェンクエン酸塩
9502	670227_4291003F1163_1_12.xml	タモキシフェンクエン酸塩
9511	670242_1319727Q1204_1_02.xml	ノルフロキサシン
9524	670352_7219417A1030_1_01.xml	ヨード
9524	670352_7219417A1030_1_01.xml	ヨード
9524	670352_7219417A1030_1_01.xml	ヨード
9524	670352_7219417A1030_1_01.xml	ヨード
9524	670352_7219417A1030_1_01.xml	ヨード
9524	670352_7219417A1030_1_01.xml	ヨード
9524	670352_7219417A1030_1_01.xml	ヨード
9524	670352_7219417A1030_1_01.xml	ヨード
9524	670352_7219417A1030_1_01.xml	ヨード
9525	670352_7219417G1032_1_01.xml	ヨード
9525	670352_7219417G1032_1_01.xml	ヨード
9525	670352_7219417G1032_1_01.xml	ヨード
9525	670352_7219417G1032_1_01.xml	ヨード
9525	670352_7219417G1032_1_01.xml	ヨード
9525	670352_7219417G1032_1_01.xml	ヨード
9525	670352_7219417G1032_1_01.xml	ヨード
9540	670605_4291020F1027_1_03.xml	ダサチニブ水和物
9540	670605_4291020F1027_1_03.xml	ダサチニブ水和物
9551	670605_6250023M1026_1_11.xml	アタザナビル
9551	670605_6250023M1026_1_11.xml	アタザナビル
9552	670605_6250029F1024_1_08.xml	エンテカビル
9568	671450_1179019B1037_2_01.xml	ヒドロキシジン塩酸塩
9571	671450_1179046F1028_2_02.xml	セルトラリン
9571	671450_1179046F1028_2_02.xml	セルトラリン
9576	671450_1319817Q1020_2_01.xml	チモロール
9578	671450_2129005F1196_2_01.xml	ジソピラミド
9581	671450_2149002F1128_2_01.xml	プラゾシン
9581	671450_2149002F1128_2_01.xml	プラゾシン
9582	671450_2149026F1026_2_01.xml	ドキサゾシン
9582	671450_2149026F1026_2_01.xml	ドキサゾシン
9582	671450_2149026F1026_2_01.xml	ドキサゾシン
9582	671450_2149026F1026_2_01.xml	ドキサゾシン
9584	671450_2171022F1029_2_03.xml	アムロジピン
9584	671450_2171022F1029_2_03.xml	アムロジピン
9584	671450_2171022F1029_2_03.xml	アムロジピン
9584	671450_2171022F1029_2_03.xml	アムロジピン
9584	671450_2171022F1029_2_03.xml	アムロジピン
9584	671450_2171022F1029_2_03.xml	アムロジピン
9585	671450_2190028F1021_2_01.xml	シルデナフィル
9586	671450_2190101F1020_2_02.xml	アトルバスタチン
9586	671450_2190101F1020_2_02.xml	アトルバスタチン
9586	671450_2190101F1020_2_02.xml	アトルバスタチン
9586	671450_2190101F1020_2_02.xml	アトルバスタチン
9586	671450_2190101F1020_2_02.xml	アムロジピン
9586	671450_2190101F1020_2_02.xml	アムロジピン
9586	671450_2190101F1020_2_02.xml	アムロジピン
9586	671450_2190101F1020_2_02.xml	アムロジピン
9587	671450_2229007F1042_2_01.xml	ベンプロペリン
9602	671450_2499702Q1043_2_01.xml	ナファレリン
9610	671450_3929004F1025_2_02.xml	ホリナート
9611	671450_3929004F2030_2_01.xml	ホリナート
9612	671450_3929403A1034_2_02.xml	ホリナート
9613	671450_3929407D1160_2_01.xml	レボホリナート
9614	671450_3929407D2108_2_01.xml	レボホリナート
9616	671450_3999027F1020_1_02.xml	バゼドキシフェン
9628	671450_4291018M1029_2_02.xml	スニチニブ
9639	671450_6149004C1030_2_01.xml	アジスロマイシン
9640	671450_6149004F1028_2_01.xml	アジスロマイシン
9641	671450_6149004F2024_2_01.xml	アジスロマイシン
9642	671450_6149004M1027_2_01.xml	アジスロマイシン
9643	671450_6149004R1024_2_01.xml	アジスロマイシン
9659	671450_6290402A1026_2_01.xml	フルコナゾール
9659	671450_6290402A1026_2_01.xml	フルコナゾール
9659	671450_6290402A1026_2_01.xml	フルコナゾール
9661	671450_7990003F1028_2_01.xml	バレニクリン
9661	671450_7990003F1028_2_01.xml	バレニクリン
9748	710082_5900001A1033_1_06.xml	ベンゾイルアコニン　　
9750	710724_1129400A1046_1_05.xml	デクスメデトミジン
9752	710724_4224403D1081_1_03.xml	ゲムシタビン
9752	710724_4224403D1081_1_03.xml	ゲムシタビン
9826	730012_6290005F1032_1_12.xml	テルビナフィン
9891	730119_1129400A1038_1_06.xml	デクスメデトミジン
9899	730119_1214407A1024_1_02.xml	レボブピバカイン
9900	730119_1214407A2020_1_02.xml	レボブピバカイン
9901	730119_1214407A3027_1_02.xml	レボブピバカイン
9902	730119_1214407G1027_1_02.xml	レボブピバカイン
9903	730119_1214407G2023_1_02.xml	レボブピバカイン
9904	730119_1214407G3020_1_03.xml	レボブピバカイン
9919	730119_2260700B1100_1_02.xml	脱水物
9919	730119_2260700B1100_1_02.xml	脱水物
9977	730119_3229002S1026_1_06.xml	カリウム
10007	730128_1149019S1020_3_02.xml	無水物
10013	730128_1190004F1030_2_10.xml	チアプリド
10013	730128_1190004F1030_2_10.xml	チアプリド
10044	730128_2171022F1258_1_04.xml	アムロジピン
10044	730128_2171022F1258_1_04.xml	アムロジピン
10045	730128_2171022F1258_2_04.xml	アムロジピン
10045	730128_2171022F1258_2_04.xml	アムロジピン
10066	730128_2260701F1280_7_02.xml	有効ヨウ素
10073	730128_2325002F1062_3_04.xml	ラニチジン
10073	730128_2325002F1062_3_04.xml	ラニチジン
10074	730128_2325002F1062_4_04.xml	ラニチジン
10074	730128_2325002F1062_4_04.xml	ラニチジン
10082	730128_2329122D1457_1_01.xml	無水物
10083	730128_2329122D1457_2_01.xml	無水物
10097	730128_2349100X1220_1_01.xml	酸化アルミニウム
10098	730128_2349100X1239_1_01.xml	酸化アルミニウム
10109	730128_2391002Q1026_2_02.xml	グラニセトロン
10109	730128_2391002Q1026_2_02.xml	グラニセトロン
10110	730128_2391400A3083_2_01.xml	グラニセトロン
10110	730128_2391400A3083_2_01.xml	グラニセトロン
10110	730128_2391400A3083_2_01.xml	グラニセトロン
10113	730128_2454701X1033_2_01.xml	ベタメタゾン
10113	730128_2454701X1033_2_01.xml	ベタメタゾン
10118	730128_2612701Q3288_7_03.xml	有効ヨウ素
10173	730128_3919502A1406_1_02.xml	Ｌ−システイン塩酸塩
10173	730128_3919502A1406_1_02.xml	グリチルリチン酸
10186	730128_4419008F1415_1_02.xml	クレマスチン
10186	730128_4419008F1415_1_02.xml	クレマスチン
10186	730128_4419008F1415_1_02.xml	クレマスチン
10187	730128_4419008F1415_2_02.xml	クレマスチン
10187	730128_4419008F1415_2_02.xml	クレマスチン
10187	730128_4419008F1415_2_02.xml	クレマスチン
10190	730128_4490003Q1109_3_02.xml	ケトチフェン
10190	730128_4490003Q1109_3_02.xml	ケトチフェン
10190	730128_4490003Q1109_3_02.xml	ケトチフェン
10191	730128_4490003Q1109_4_01.xml	ケトチフェン
10191	730128_4490003Q1109_4_01.xml	ケトチフェン
10191	730128_4490003Q1109_4_01.xml	ケトチフェン
10192	730128_4490003Q2040_2_01.xml	ケトチフェン
10245	730128_7223401A1082_2_07.xml	プロチレリン
10246	730128_7223401A1082_3_03.xml	プロチレリン
10247	730128_7223401A2046_1_02.xml	プロチレリン
10247	730128_7223401A2046_1_02.xml	プロチレリン
10248	730128_7223401A2046_2_03.xml	プロチレリン
10248	730128_7223401A2046_2_03.xml	プロチレリン
10277	730612_1149019F1404_2_03.xml	無水物
10281	730612_1169008F1077_1_05.xml	ペルゴリド
10281	730612_1169008F1077_1_05.xml	ペルゴリド
10295	730612_1249351B1141_2_02.xml	アルカロイド
10305	730612_1329705Q1190_2_02.xml	ケトチフェン
10314	730612_2119404A1123_2_02.xml	ドブタミン
10315	730612_2119404G3021_3_02.xml	ドブタミン
10315	730612_2119404G3021_3_02.xml	ドブタミン
10318	730612_2144006F2126_1_03.xml	無水物
10340	730612_2260701F1204_3_01.xml	有効ヨウ素
10341	730612_2260701F1204_4_01.xml	有効ヨウ素
10345	730612_2325002F1216_1_02.xml	ラニチジン
10345	730612_2325002F1216_1_02.xml	ラニチジン
10367	730612_2391400A3121_1_03.xml	グラニセトロン
10367	730612_2391400A3121_1_03.xml	グラニセトロン
10368	730612_2391400G1148_1_01.xml	グラニセトロン
10372	730612_2499701R2032_2_03.xml	ブセレリン
10373	730612_2612701Q2087_2_02.xml	有効ヨウ素
10374	730612_2612701Q3261_4_03.xml	有効ヨウ素
10375	730612_2612701Q3261_5_02.xml	有効ヨウ素
10414	730612_3262400A1177_2_02.xml	フラビンアデニンジヌクレオチド
10414	730612_3262400A1177_2_02.xml	フラビンアデニンジヌクレオチド
10430	730612_3919502A1120_5_01.xml	Ｌ−システイン塩酸塩
10430	730612_3919502A1120_5_01.xml	Ｌ−システイン塩酸塩
10430	730612_3919502A1120_5_01.xml	グリチルリチン酸
10430	730612_3919502A1120_5_01.xml	グリチルリチン酸
10433	730612_3929407D1152_1_02.xml	レボホリナート
10433	730612_3929407D1152_1_02.xml	レボホリナート
10444	730612_3999018F1072_1_03.xml	アレンドロン酸
10486	730612_6290005F1245_1_04.xml	テルビナフィン
10522	750315_3919100F1150_1_02.xml	グリチルリチン酸
10523	750315_3919400A1034_1_01.xml	グリチルリチン酸
10524	750315_3919502A1341_1_05.xml	Ｌ−システイン塩酸塩
10524	750315_3919502A1341_1_05.xml	Ｌ−システイン塩酸塩
10524	750315_3919502A1341_1_05.xml	グリチルリチン酸
10524	750315_3919502A1341_1_05.xml	グリチルリチン酸
10525	750315_3919502A1384_1_03.xml	Ｌ−システイン塩酸塩
10525	750315_3919502A1384_1_03.xml	グリチルリチン酸
10526	750315_3919502G1069_1_01.xml	Ｌ−システイン塩酸塩
10526	750315_3919502G1069_1_01.xml	Ｌ−システイン塩酸塩
10526	750315_3919502G1069_1_01.xml	グリチルリチン酸
10526	750315_3919502G1069_1_01.xml	グリチルリチン酸
10527	750315_3919502G1077_1_01.xml	Ｌ−システイン塩酸塩
10527	750315_3919502G1077_1_01.xml	Ｌ−システイン塩酸塩
10527	750315_3919502G1077_1_01.xml	グリチルリチン酸
10527	750315_3919502G1077_1_01.xml	グリチルリチン酸
10537	780009_2171022F1380_1_05.xml	アムロジピン
10537	780009_2171022F1380_1_05.xml	アムロジピン
10538	780009_2171022F3234_1_03.xml	アムロジピン
10538	780009_2171022F3234_1_03.xml	アムロジピン
10539	780009_2260701F1271_1_01.xml	有効ヨウ素
10546	780009_2391400A3164_1_02.xml	グラニセトロン
10546	780009_2391400A3164_1_02.xml	グラニセトロン
10547	780009_2391400G1121_2_01.xml	グラニセトロン
10550	780009_2612701N1033_1_01.xml	有効ヨウ素
10551	780009_2612701Q1102_1_01.xml	有効ヨウ素
10552	780009_2612701Q2109_1_01.xml	有効ヨウ素
10553	780009_2612701Q3318_1_01.xml	有効ヨウ素
10554	780009_2612701Q4055_1_01.xml	有効ヨウ素
10606	780011_7290006S1021_1_04.xml	マンガン
10618	780069_2123001M1029_1_15.xml	アセブトロール
10618	780069_2123001M1029_1_15.xml	アセブトロール
10620	780069_2129005F1129_1_16.xml	ジソピラミド
10622	780069_2129401A1070_1_06.xml	ジソピラミド
10632	780069_2189009R1032_1_02.xml	無水物
10637	780069_2349101D1253_1_01.xml	酸化アルミニウム
10646	780069_2499701R1052_1_06.xml	ブセレリン
10651	780069_3399008F1025_1_10.xml	クロピドグレル硫酸塩
10651	780069_3399008F1025_1_10.xml	クロピドグレル硫酸塩
10661	780069_6119500D1020_1_07.xml	キヌプリスチン・ダルホプリスチン
10672	780075_1149019C1084_1_05.xml	無水物
10672	780075_1149019C1084_1_05.xml	無水物
10674	780075_1169005F1162_2_03.xml	ブロモクリプチン
10675	780075_1169008F1069_1_10.xml	ペルゴリド
10675	780075_1169008F1069_1_10.xml	ペルゴリド
10681	780075_1190004C1076_1_06.xml	チアプリド
10681	780075_1190004C1076_1_06.xml	チアプリド
10681	780075_1190004C1076_1_06.xml	チアプリド
10682	780075_1190004F1129_2_04.xml	チアプリド
10682	780075_1190004F1129_2_04.xml	チアプリド
10683	780075_1249010F1042_1_09.xml	チザニジン
10686	780075_1319733Q1048_1_09.xml	ベタキソロール
10700	780075_2144005F1036_1_02.xml	無水物
10700	780075_2144005F1036_1_02.xml	無水物
10714	780075_2171022F1118_1_06.xml	アムロジピン
10714	780075_2171022F1118_1_06.xml	アムロジピン
10731	780075_2329005F1227_1_04.xml	無水物
10749	780075_3179107F1041_1_02.xml	ヒドロキソコバラミン
10749	780075_3179107F1041_1_02.xml	フルスルチアミン
10770	780075_4291003F1180_1_07.xml	タモキシフェン
10771	780075_4291007F1030_1_07.xml	トレミフェン
10772	780075_4291007F1030_2_06.xml	トレミフェン
10792	780075_6290005F1237_1_05.xml	テルビナフィン
10843	800012_2260701F1247_1_01.xml	有効ヨウ素
10855	800012_2612701Q3270_1_02.xml	有効ヨウ素
10871	800012_2616700Q5064_1_05.xml	ベンザルコニウム塩化物
10873	800012_2616700Q6060_1_05.xml	ベンザルコニウム塩化物
10875	800012_2616700Q7059_1_03.xml	塩化ベンザルコニウム
10878	800012_2616707Q1036_1_05.xml	ベンザルコニウム塩化物
10880	800012_2616707Q3039_1_04.xml	エタノール
10880	800012_2616707Q3039_1_04.xml	ベンザルコニウム塩化物
10884	800012_2619702Q1213_1_04.xml	グルコン酸クロルヘキシジン
10886	800012_2619702Q1248_1_01.xml	クロルヘキシジングルコン酸塩
10887	800012_2619702Q2120_1_05.xml	クロルヘキシジングルコン酸塩
10889	800012_2619702Q2171_1_01.xml	クロルヘキシジングルコン酸塩
10890	800012_2619702Q2180_1_01.xml	クロルヘキシジングルコン酸塩
10892	800012_2619702Q6053_1_06.xml	クロルヘキシジングルコン酸塩
10894	800012_2619702Q7041_1_04.xml	クロルヘキシジングルコン酸塩
10896	800012_2619702Q8056_1_06.xml	グルコン酸クロルヘキシジン
10898	800012_2619702X1056_1_05.xml	クロルヘキシジングルコン酸塩
10900	800012_2619702X2036_1_07.xml	グルコン酸クロルヘキシジン
10902	800012_2619702X3024_1_03.xml	エタノール
10902	800012_2619702X3024_1_03.xml	クロルヘキシジングルコン酸
10929	800015_3929407D1136_1_04.xml	レボホリナート
10929	800015_3929407D1136_1_04.xml	レボホリナート
10967	800126_1148001F1059_2_03.xml	チアラミド
10967	800126_1148001F1059_2_03.xml	チアラミド
10968	800126_1149034F1026_1_13.xml	ナロキソン
10968	800126_1149034F1026_1_13.xml	ペンタゾシン
10978	800126_1179042C1023_2_11.xml	クエチアピン
10978	800126_1179042C1023_2_11.xml	クエチアピン
10978	800126_1179042C1023_2_11.xml	クエチアピン
10978	800126_1179042C1023_2_11.xml	クエチアピン
10980	800126_1190004C1025_3_06.xml	チアプリド
10980	800126_1190004C1025_3_06.xml	チアプリド
10980	800126_1190004C1025_3_06.xml	チアプリド
10981	800126_1224400A1045_1_02.xml	脱水物
10981	800126_1224400A1045_1_02.xml	脱水物
10981	800126_1224400A1045_1_02.xml	脱水物
10999	800126_2189015F1023_1_22.xml	アトルバスタチン
10999	800126_2189015F1023_1_22.xml	アトルバスタチン
11016	800126_2399004C1077_1_02.xml	塩酸メトクロプラミド
11017	800126_2399004F1200_1_02.xml	塩酸メトクロプラミド
11018	800126_2399004Q1090_1_01.xml	メトクロプラミド
11021	800126_2399401A1083_3_02.xml	メトクロプラミド
11026	800126_2699709M1028_3_08.xml	タクロリムス
11027	800126_2699709M2024_2_08.xml	タクロリムス
11034	800126_3999014D1022_3_11.xml	タクロリムス
11034	800126_3999014D1022_3_11.xml	タクロリムス
11035	800126_3999014M1022_3_17.xml	タクロリムス
11035	800126_3999014M1022_3_17.xml	タクロリムス
11036	800126_3999014M3025_3_13.xml	タクロリムス
11037	800126_3999014N1028_1_05.xml	タクロリムス
11037	800126_3999014N1028_1_05.xml	タクロリムス
11037	800126_3999014N1028_1_05.xml	タクロリムス
11041	800126_3999416A1028_3_08.xml	タクロリムス
11066	800155_1179406A1037_2_08.xml	ハロペリドール
11066	800155_1179406A1037_2_08.xml	ハロペリドール
11068	800155_1319746Q1029_1_14.xml	レボカバスチン
11069	800155_1319746Q1029_2_11.xml	レボカバスチン
11070	800155_1329708Q1038_1_02.xml	レボカバスチン
11070	800155_1329708Q1038_1_02.xml	レボカバスチン
11078	800155_6250030F1027_1_11.xml	ダルナビル
11079	800155_6250030F2023_1_04.xml	ダルナビル
11086	800155_8219400A1055_1_02.xml	フェンタニル
11086	800155_8219400A1055_1_02.xml	フェンタニル
11086	800155_8219400A1055_1_02.xml	フェンタニル
11087	800155_8219401D1021_1_03.xml	レミフェンタニル
11087	800155_8219401D1021_1_03.xml	レミフェンタニル
11157	830001_2149026F2189_1_01.xml	ドキサゾシン
11157	830001_2149026F2189_1_01.xml	ドキサゾシン
11158	830001_2149026F2189_4_01.xml	ドキサゾシン
11158	830001_2149026F2189_4_01.xml	ドキサゾシン
11159	830001_2149026F2189_5_01.xml	ドキサゾシン
11159	830001_2149026F2189_5_01.xml	ドキサゾシン
11178	830001_2171022F1185_1_07.xml	アムロジピン
11178	830001_2171022F1185_1_07.xml	アムロジピン
11179	830001_2171022F3110_1_03.xml	アムロジピン
11179	830001_2171022F3110_1_03.xml	アムロジピン
11195	830001_2260701F1301_1_01.xml	有効ヨウ素
11201	830001_2325002F1186_1_09.xml	ラニチジン
11201	830001_2325002F1186_1_09.xml	ラニチジン
11202	830001_2325002F1186_2_04.xml	ラニチジン
11202	830001_2325002F1186_2_04.xml	ラニチジン
11203	830001_2325002F1186_3_03.xml	ラニチジン
11204	830001_2325002F1186_4_03.xml	ラニチジン
11205	830001_2325002F1186_5_02.xml	ラニチジン
11205	830001_2325002F1186_5_02.xml	ラニチジン
11206	830001_2325002F1186_6_01.xml	ラニチジン
11206	830001_2325002F1186_6_01.xml	ラニチジン
11242	830001_2349101D1164_1_02.xml	酸化アルミニウム
11243	830001_2349101D1164_2_03.xml	酸化アルミニウム
11318	830001_4490003M1298_1_02.xml	ケトチフェン
11319	830001_4490003M1298_2_02.xml	ケトチフェン
11342	830001_6241002F1247_1_02.xml	ピペミド酸
11344	830001_6241008F2119_1_08.xml	シプロフロキサシン
11345	830001_6241008F2119_2_05.xml	シプロフロキサシン
11346	830001_6241010F1071_1_03.xml	トスフロキサシン
11346	830001_6241010F1071_1_03.xml	トスフロキサシン
11349	830001_6290005F1121_1_08.xml	テルビナフィン
11350	830001_6290005F1121_2_09.xml	テルビナフィン
11351	830001_6290005F1121_3_09.xml	テルビナフィン
11352	830001_6290005F1121_4_02.xml	テルビナフィン
11364	830039_2260701F1255_1_01.xml	有効ヨウ素
11385	830039_2612701Q1099_1_03.xml	有効ヨウ素
11386	830039_2612701Q2117_1_01.xml	有効ヨウ素
11387	830039_2612701Q3334_1_01.xml	有効ヨウ素
11388	830039_2612701Q4063_1_01.xml	有効ヨウ素
11412	830039_2619702Q1078_1_04.xml	クロルヘキシジングルコン酸塩
11415	830039_2619702Q2139_1_03.xml	クロルヘキシジングルコン酸塩
11416	830039_2619702Q3097_1_03.xml	クロルヘキシジングルコン酸塩
11472	840702_2171022F1150_1_07.xml	アムロジピン
11472	840702_2171022F1150_1_07.xml	アムロジピン
11474	850028_2649735S1028_1_05.xml	無水物
11475	850028_2649735S2024_1_02.xml	無水物
11475	850028_2649735S2024_1_02.xml	無水物
11498	890016_1315706Q2080_1_04.xml	ベタメタゾン
11505	890016_1319703Q2116_1_03.xml	脱水物
11513	890016_1319745Q1024_1_09.xml	アシタザノラスト
11514	890016_1319745Q1024_2_10.xml	アシタザノラスト
11515	890016_1319746Q1070_1_04.xml	レボカバスチン
11518	890016_1319811Q2020_1_08.xml	フラビンアデニンジヌクレオチド
11525	890016_2454404A1080_1_05.xml	ベタメタゾン
11525	890016_2454404A1080_1_05.xml	ベタメタゾン
11525	890016_2454404A1080_1_05.xml	ベタメタゾン
11526	890016_3131001F1190_1_02.xml	フラビンアデニンジヌクレオチド
11527	890016_3131001Q1108_1_02.xml	フラビンアデニンジヌクレオチド
11528	890016_3131400A4271_1_02.xml	フラビンアデニンジヌクレオチド
11531	890016_3954400D4071_1_06.xml	アルブミン
